カテゴリー,分類群,和名,学名
絶滅（EX）,蘚苔類,ダンゴゼニゴケ,Mannia androgyna
絶滅（EX）,蘚苔類,ウルシゼニゴケ,Mannia californica
絶滅（EX）,蘚苔類,ヤクシマスギバゴケ,Lepicolea yakusimensis
絶滅（EX）,蘚苔類,シワナシチビイタチゴケ,Pterogoniadelphus esquirolii
絶滅危惧ⅠＡ類（CR）,蘚苔類,ミドリツノゴケ,Folioceros glandulosus
絶滅危惧ⅠＡ類（CR）,蘚苔類,ヒカリゼニゴケ,Cyathodium cavernarum
絶滅危惧ⅠＡ類（CR）,蘚苔類,ヤツガタケウロコゼニゴケ,Fossombronia pusilla
絶滅危惧ⅠＡ類（CR）,蘚苔類,ケミドリゼニゴケ,Aneura hirsuta
絶滅危惧ⅠＡ類（CR）,蘚苔類,イトスジゴケ,Riccardia pumila
絶滅危惧ⅠＡ類（CR）,蘚苔類,オノイチョウゴケ,Anastrophyllum ellipticum
絶滅危惧ⅠＡ類（CR）,蘚苔類,コダマイチョウゴケ,Crossocalyx hellerianus
絶滅危惧ⅠＡ類（CR）,蘚苔類,ヒメウキヤバネゴケ,Odontoschisma francisci
絶滅危惧ⅠＡ類（CR）,蘚苔類,モグリゴケ,Lethocolea naruto-toganensis
絶滅危惧ⅠＡ類（CR）,蘚苔類,ハッコウダゴケ,Eremonotus myriocarpus
絶滅危惧ⅠＡ類（CR）,蘚苔類,ユキミイチョウゴケ,Mesoptychia heterocolpos
絶滅危惧ⅠＡ類（CR）,蘚苔類,トゲバウロコゴケ,Heteroscyphus wettsteinii
絶滅危惧ⅠＡ類（CR）,蘚苔類,ハットリムカイバハネゴケ,Chiastocaulon theriotanum
絶滅危惧ⅠＡ類（CR）,蘚苔類,フィリピンオヤコゴケ,Schistochila aligera
絶滅危惧ⅠＡ類（CR）,蘚苔類,サンカクヨウジョウゴケ,Cololejeunea drepanolejeuneoides
絶滅危惧ⅠＡ類（CR）,蘚苔類,オガサワラケビラゴケ,Radula boninensis
絶滅危惧ⅠＡ類（CR）,蘚苔類,オリンピックゴケ,Brachydontium olympicum
絶滅危惧ⅠＡ類（CR）,蘚苔類,イボイボカタシロゴケ,Calymperes strictifolium
絶滅危惧ⅠＡ類（CR）,蘚苔類,ヌマチゴケ,Paludella squarrosa
絶滅危惧ⅠＡ類（CR）,蘚苔類,コシノシンジゴケ,Schizymenium sasaokae
絶滅危惧ⅠＡ類（CR）,蘚苔類,クチボソミノゴケ,Macromitrium holomitrioides
絶滅危惧ⅠＡ類（CR）,蘚苔類,オクヤマツガゴケ,Daltonia carinata
絶滅危惧ⅠＡ類（CR）,蘚苔類,キノボリヒメツガゴケ,Distichophyllum yakumontanum
絶滅危惧ⅠＡ類（CR）,蘚苔類,オニゴケ,Pseudospiridentopsis horrida
絶滅危惧ⅠＡ類（CR）,蘚苔類,マメハネゴケ,Pinnatella ambigua
絶滅危惧ⅠB類（EN）,蘚苔類,キレハコマチゴケ,Haplomitrium hookeri
絶滅危惧ⅠB類（EN）,蘚苔類,イワゼニゴケ,Mannia triandra
絶滅危惧ⅠB類（EN）,蘚苔類,リシリゼニゴケ,Peltolepis quadrata
絶滅危惧ⅠB類（EN）,蘚苔類,ジンチョウゴケ,Sauteria spongiosa
絶滅危惧ⅠB類（EN）,蘚苔類,ヤマトヤハズゴケ,Sandeothallus japonicus
絶滅危惧ⅠB類（EN）,蘚苔類,ミズゴケモドキ,Pleurozia purpurea
絶滅危惧ⅠB類（EN）,蘚苔類,ヒメモミジゴケ,Barbilophozia hatcheri
絶滅危惧ⅠB類（EN）,蘚苔類,ヤクシマアミバゴケ,Hattoria yakushimensis
絶滅危惧ⅠB類（EN）,蘚苔類,ミツデモミジゴケ,Neoorthocaulis floerkei
絶滅危惧ⅠB類（EN）,蘚苔類,マエバラアミバゴケ,Schizophyllopsis bidens
絶滅危惧ⅠB類（EN）,蘚苔類,キノボリヤバネゴケ,Sphenolobopsis pearsonii
絶滅危惧ⅠB類（EN）,蘚苔類,カラフトイチョウゴケ,Sphenolobus saxicola
絶滅危惧ⅠB類（EN）,蘚苔類,フクレヤバネゴケ,Nowellia aciliata
絶滅危惧ⅠB類（EN）,蘚苔類,ケスジヤバネゴケ,Cephaloziella elachista
絶滅危惧ⅠB類（EN）,蘚苔類,ミゾゴケモドキ,Scapania cuspiduligera
絶滅危惧ⅠB類（EN）,蘚苔類,イボヒシャクゴケ,Scapania verrucosa
絶滅危惧ⅠB類（EN）,蘚苔類,エゾヒメソロイゴケ,Cryptocoleopsis imbricata
絶滅危惧ⅠB類（EN）,蘚苔類,イトミゾゴケ,Marsupella boeckii
絶滅危惧ⅠB類（EN）,蘚苔類,ミジンコミゾゴケ,Marsupella vermiformis
絶滅危惧ⅠB類（EN）,蘚苔類,キレハウロコゴケ,Nardia breidleri
絶滅危惧ⅠB類（EN）,蘚苔類,ヤツガタケツボミゴケ,Jungermannia borealis
絶滅危惧ⅠB類（EN）,蘚苔類,オオイチョウゴケ,Mesoptychia collaris
絶滅危惧ⅠB類（EN）,蘚苔類,ヤエヤマスギバゴケ,Neolepidozia mamillosa
絶滅危惧ⅠB類（EN）,蘚苔類,シャンハイハネゴケ,Plagiochila shangaica
絶滅危惧ⅠB類（EN）,蘚苔類,サトミヨツデゴケ,Pseudolepicolea andoi
絶滅危惧ⅠB類（EN）,蘚苔類,イボイボムクムクゴケ,Trichocolea japonica
絶滅危惧ⅠB類（EN）,蘚苔類,ケナシオヤコゴケ,Schistochila nuda
絶滅危惧ⅠB類（EN）,蘚苔類,ヤクシマオヤコゴケ,Schistochila sciurea
絶滅危惧ⅠB類（EN）,蘚苔類,イリオモテヤスデゴケ,Frullania iriomotensis
絶滅危惧ⅠB類（EN）,蘚苔類,イボヤスデゴケ,Frullania repandistipula
絶滅危惧ⅠB類（EN）,蘚苔類,アマカワヒメゴヘイゴケ,Archilejeunea amakawana
絶滅危惧ⅠB類（EN）,蘚苔類,リュウキュウシゲリゴケ,Cheilolejeunea ryukyuensis
絶滅危惧ⅠB類（EN）,蘚苔類,キララヨウジョウゴケ,Cololejeunea ceratilobula
絶滅危惧ⅠB類（EN）,蘚苔類,ホソバイトクズゴケ,Cololejeunea sintenisii
絶滅危惧ⅠB類（EN）,蘚苔類,オガサワラキララゴケ,Cololejeunea subminutilobula
絶滅危惧ⅠB類（EN）,蘚苔類,マルバサンカクゴケ,Drepanolejeunea obtusifolia
絶滅危惧ⅠB類（EN）,蘚苔類,ツメクサリゴケ,Lejeunea apiculata
絶滅危惧ⅠB類（EN）,蘚苔類,オオハラバクサリゴケ,Lejeunea sordida
絶滅危惧ⅠB類（EN）,蘚苔類,ゴマダラクサリゴケ,Stictolejeunea iwatsukii
絶滅危惧ⅠB類（EN）,蘚苔類,ヒメゴヘイゴケ,Thysananthus retusus
絶滅危惧ⅠB類（EN）,蘚苔類,コバノイクビゴケ,Diphyscium perminutum
絶滅危惧ⅠB類（EN）,蘚苔類,スズキイクビゴケ,Diphyscium suzukii
絶滅危惧ⅠB類（EN）,蘚苔類,クロコゴケ,Luisierella barbula
絶滅危惧ⅠB類（EN）,蘚苔類,ウシオギボウシゴケ,Schistidium maritimum
絶滅危惧ⅠB類（EN）,蘚苔類,エゾキヌシッポゴケ,Seligeria tristichoides
絶滅危惧ⅠB類（EN）,蘚苔類,キイアミゴケ,Syrrhopodon kiiensis
絶滅危惧ⅠB類（EN）,蘚苔類,ヤクシマアミゴケ,Syrrhopodon yakushimensis
絶滅危惧ⅠB類（EN）,蘚苔類,ヘビゴケ,Campylopodium medium
絶滅危惧ⅠB類（EN）,蘚苔類,フチドリコゴケ,Pachyneuropsis perinvoluta
絶滅危惧ⅠB類（EN）,蘚苔類,ムカゴネジレゴケ,Syntrichia gemmascens
絶滅危惧ⅠB類（EN）,蘚苔類,オオツボゴケ,Splachnum ampullaceum
絶滅危惧ⅠB類（EN）,蘚苔類,ヒメハナガサゴケ,Splachnum melanocaulon
絶滅危惧ⅠB類（EN）,蘚苔類,ウワバミゴケ,Breutelia arundinifolia
絶滅危惧ⅠB類（EN）,蘚苔類,マルバツガゴケ,Distichophyllum obtusifolium
絶滅危惧ⅠB類（EN）,蘚苔類,ヒメコガネハイゴケ,Podperaea krylovii
絶滅危惧ⅠB類（EN）,蘚苔類,キャラハゴケモドキ,Taxiphyllopsis iwatsukii
絶滅危惧ⅠB類（EN）,蘚苔類,ムチエダイトゴケ,Haplohymenium flagelliforme
絶滅危惧ⅠB類（EN）,蘚苔類,オニシメリゴケ,Limnohypnum mizushimae
絶滅危惧ⅠB類（EN）,蘚苔類,フウチョウゴケ,Macrothamnium macrocarpum
絶滅危惧ⅠB類（EN）,蘚苔類,オオシカゴケ,Neodolichomitra yunnanensis
絶滅危惧ⅠB類（EN）,蘚苔類,ツヤダシタカネイタチゴケ,Leucodon alpinus
絶滅危惧ⅠB類（EN）,蘚苔類,モミノキゴケ,Taiwanobryum anacamptolepis
絶滅危惧ⅠB類（EN）,蘚苔類,マッカリタケナガゴケ,Plagiothecium obtusissimum
絶滅危惧ⅠB類（EN）,蘚苔類,ミミヒラゴケ,Calyptothecium philippinense
絶滅危惧ⅠB類（EN）,蘚苔類,サジバラッコゴケ,Gollania japonica
絶滅危惧ⅠB類（EN）,蘚苔類,オオカギイトゴケ,Gollania splendens
絶滅危惧ⅠB類（EN）,蘚苔類,ヒロハコモチイトゴケ,Clastobryellina ceylonensis
絶滅危惧ⅠB類（EN）,蘚苔類,イボミスジヤバネゴケ,Clastobryum cuculligerum
絶滅危惧ⅠB類（EN）,蘚苔類,ミスジヤバネゴケ,Clastobryum glabrescens
絶滅危惧ⅠB類（EN）,蘚苔類,シマフデノホゴケ,Acroporium secundum
絶滅危惧ⅠB類（EN）,蘚苔類,マムシゴケ,Meiothecium microcarpum
絶滅危惧ⅠB類（EN）,蘚苔類,リュウキュウカギホソエゴケ,Radulina borbonica
絶滅危惧ⅠB類（EN）,蘚苔類,ヤクシマヒラツボゴケ,Filibryum yakoushimae
絶滅危惧Ⅱ類（VU）,蘚苔類,オガサワラキブリツノゴケ,Dendroceros tubercularis
絶滅危惧Ⅱ類（VU）,蘚苔類,オオサイハイゴケ,Asterella cruciata
絶滅危惧Ⅱ類（VU）,蘚苔類,チチブゼニゴケ,Clevea pusilla
絶滅危惧Ⅱ類（VU）,蘚苔類,ハマグリゼニゴケ,Targionia hypophylla
絶滅危惧Ⅱ類（VU）,蘚苔類,ヒメトロイブゴケ,Apotreubia nana
絶滅危惧Ⅱ類（VU）,蘚苔類,イリオモテウロコゼニゴケ,Fossombronia myrioides
絶滅危惧Ⅱ類（VU）,蘚苔類,チヂレヤハズゴケ,Moerckia blytii
絶滅危惧Ⅱ類（VU）,蘚苔類,ムカシヒシャクゴケ,Scapania ornithopoides
絶滅危惧Ⅱ類（VU）,蘚苔類,ケハネゴケモドキ,Acrobolbus knightii
絶滅危惧Ⅱ類（VU）,蘚苔類,サイシュウホラゴケモドキ,Eocalypogeia quelpaertensis
絶滅危惧Ⅱ類（VU）,蘚苔類,カネマルムチゴケ,Bazzania ovistipula
絶滅危惧Ⅱ類（VU）,蘚苔類,イリオモテスギバゴケ（テララゴケ）,Tricholepidozia neesii
絶滅危惧Ⅱ類（VU）,蘚苔類,ミジンコゴケ,Zoopsis liukiuensis
絶滅危惧Ⅱ類（VU）,蘚苔類,アマノウロコゴケ,Heteroscyphus aselliformis
絶滅危惧Ⅱ類（VU）,蘚苔類,オオサワラゴケ,Mastigophora diclados
絶滅危惧Ⅱ類（VU）,蘚苔類,キヤスデゴケ,Frullania gaudichaudii
絶滅危惧Ⅱ類（VU）,蘚苔類,サカワヤスデゴケ,Frullania sackawana
絶滅危惧Ⅱ類（VU）,蘚苔類,サガリヤスデゴケ,Frullania trichodes
絶滅危惧Ⅱ類（VU）,蘚苔類,ハットリヤスデゴケ,Neohattoria herzogii
絶滅危惧Ⅱ類（VU）,蘚苔類,オオシマヨウジョウゴケ,Cololejeunea inflata
絶滅危惧Ⅱ類（VU）,蘚苔類,ヤマトケクサリゴケ,Cololejeunea schmidtii
絶滅危惧Ⅱ類（VU）,蘚苔類,カギヨウジョウゴケ,Cololejeunea subfloccosa
絶滅危惧Ⅱ類（VU）,蘚苔類,イヌイムシトリゴケ,Colura inuii
絶滅危惧Ⅱ類（VU）,蘚苔類,ボウズムシトリゴケ,Colura meijeri
絶滅危惧Ⅱ類（VU）,蘚苔類,ナガバムシトリゴケ,Colura tenuicornis
絶滅危惧Ⅱ類（VU）,蘚苔類,オチクサリゴケ,Lejeunea otiana
絶滅危惧Ⅱ類（VU）,蘚苔類,オビケビラゴケ,Radula campanigera subsp. obiensis
絶滅危惧Ⅱ類（VU）,蘚苔類,ミミケビラゴケ,Radula chinensis
絶滅危惧Ⅱ類（VU）,蘚苔類,イシヅチゴケ,Oedipodium griffithianum
絶滅危惧Ⅱ類（VU）,蘚苔類,ミギワイクビゴケ,Diphyscium chiapense subsp. unipapillosum
絶滅危惧Ⅱ類（VU）,蘚苔類,カシミールクマノゴケ,Diphyscium kashmirense
絶滅危惧Ⅱ類（VU）,蘚苔類,シナノセンボンゴケ（セイタカヤリカツギ）,Encalypta streptocarpa
絶滅危惧Ⅱ類（VU）,蘚苔類,ラクヨウクサスギゴケ,Timmia norvegica
絶滅危惧Ⅱ類（VU）,蘚苔類,コキヌシッポゴケ,Seligeria pusilla
絶滅危惧Ⅱ類（VU）,蘚苔類,シロシラガゴケ,Leucobryum glaucum
絶滅危惧Ⅱ類（VU）,蘚苔類,ジャバシラガゴケ,Leucobryum javense
絶滅危惧Ⅱ類（VU）,蘚苔類,オガサワラカタシロゴケ,Calymperes boninense
絶滅危惧Ⅱ類（VU）,蘚苔類,シラガゴケモドキ,Exostratum blumii
絶滅危惧Ⅱ類（VU）,蘚苔類,ニセハブタエゴケ,Leucophanes angustifolium
絶滅危惧Ⅱ類（VU）,蘚苔類,ジョウレンホウオウゴケ,Fissidens geppii
絶滅危惧Ⅱ類（VU）,蘚苔類,ジャバホウオウゴケ,Fissidens javanicus
絶滅危惧Ⅱ類（VU）,蘚苔類,キブネゴケ,Rhachithecium nipponicum
絶滅危惧Ⅱ類（VU）,蘚苔類,マゴメゴケ,Rhachithecium perpusillum
絶滅危惧Ⅱ類（VU）,蘚苔類,ナガバハリイシバイゴケ,Molendoa hornschuchiana
絶滅危惧Ⅱ類（VU）,蘚苔類,ハリエゾネジレゴケ,Tortula hoppeana
絶滅危惧Ⅱ類（VU）,蘚苔類,ヒョウタンハリガネゴケ,Plagiobryum japonicum
絶滅危惧Ⅱ類（VU）,蘚苔類,イボタチヒダゴケ,Lewinskya iwatsukii 
絶滅危惧Ⅱ類（VU）,蘚苔類,ヤマタチヒダゴケ,Orthotrichum anomalum
絶滅危惧Ⅱ類（VU）,蘚苔類,イブキキンモウゴケ,Ulota perbreviseta
絶滅危惧Ⅱ類（VU）,蘚苔類,ヤクシマキンモウゴケ,Ulota yakushimensis
絶滅危惧Ⅱ類（VU）,蘚苔類,キダチゴケ,Hypnodendron vitiense
絶滅危惧Ⅱ類（VU）,蘚苔類,カクレゴケ,Garovaglia elegans
絶滅危惧Ⅱ類（VU）,蘚苔類,キダチクジャクゴケ,Dendrocyathophorum decolyi
絶滅危惧Ⅱ類（VU）,蘚苔類,フチナシツガゴケ,Distichophyllum osterwaldii
絶滅危惧Ⅱ類（VU）,蘚苔類,サオヒメゴケ,Callicostella papillata
絶滅危惧Ⅱ類（VU）,蘚苔類,トガリバギボウシゴケ,Bryonorrisia acutifolia
絶滅危惧Ⅱ類（VU）,蘚苔類,カマバコモチゴケ,Habrodon perpusillus
絶滅危惧Ⅱ類（VU）,蘚苔類,ヌマシノブゴケ,Helodium paludosum
絶滅危惧Ⅱ類（VU）,蘚苔類,コマイタチゴケ,Leucodon coreensis
絶滅危惧Ⅱ類（VU）,蘚苔類,トサノタスキゴケ,Aerobryidium laosiense
絶滅危惧Ⅱ類（VU）,蘚苔類,ヒカゲノカズラモドキ,Aerobryopsis parisii
絶滅危惧Ⅱ類（VU）,蘚苔類,タカサゴハイヒモゴケ,Meteoriopsis reclinata
絶滅危惧Ⅱ類（VU）,蘚苔類,ヤワラクシノハゴケ,Ctenidium molluscum
絶滅危惧Ⅱ類（VU）,蘚苔類,カタナワゴケ,Oedicladium fragile
絶滅危惧Ⅱ類（VU）,蘚苔類,シライワスズゴケ,Forsstroemia noguchii
絶滅危惧Ⅱ類（VU）,蘚苔類,カイガラゴケ,Myurella julacea
絶滅危惧Ⅱ類（VU）,蘚苔類,トガリカイガラゴケ,Myurella tenerrima
絶滅危惧Ⅱ類（VU）,蘚苔類,オオタマコモチイトゴケ,Aptychella robusta
絶滅危惧Ⅱ類（VU）,蘚苔類,ハシボソゴケ,Papillidiopsis macrosticta
絶滅危惧Ⅱ類（VU）,蘚苔類,フトハイゴケ,Stereodontopsis pseudorevoluta
絶滅危惧Ⅱ類（VU）,蘚苔類,リュウキュウホソエゴケ,Trichosteleum lutschianum
準絶滅危惧（NT）,蘚苔類,キノボリツノゴケ,Dendroceros japonicus
準絶滅危惧（NT）,蘚苔類,オキナワサイハイゴケ,Asterella wallichiana
準絶滅危惧（NT）,蘚苔類,ヤワラゼニゴケ,Monosolenium tenerum
準絶滅危惧（NT）,蘚苔類,イチョウウキゴケ,Ricciocarpos natans
準絶滅危惧（NT）,蘚苔類,タチクモマゴケ,Anastrepta orcadensis
準絶滅危惧（NT）,蘚苔類,イイシバヤバネゴケ,Odontoschisma jishibae
準絶滅危惧（NT）,蘚苔類,キレハヤバネゴケ,Cephaloziella massalongii
準絶滅危惧（NT）,蘚苔類,チチブイチョウゴケ,Acrobolbus ciliatus
準絶滅危惧（NT）,蘚苔類,ヒラウロコゴケ,Nardia compressa
準絶滅危惧（NT）,蘚苔類,イギイチョウゴケ,Mesoptychia igiana
準絶滅危惧（NT）,蘚苔類,ハンデルソロイゴケ,Solenostoma handelii
準絶滅危惧（NT）,蘚苔類,サケバキハネゴケ,Plagiochila fordiana
準絶滅危惧（NT）,蘚苔類,ヨウジョウゴケ,Cololejeunea trichomanis
準絶滅危惧（NT）,蘚苔類,カビゴケ,Leptolejeunea elliptica
準絶滅危惧（NT）,蘚苔類,ナンジャモンジャゴケ,Takakia lepidozioides
準絶滅危惧（NT）,蘚苔類,ホソベリミズゴケ,Sphagnum junghuhnianum
準絶滅危惧（NT）,蘚苔類,オオミズゴケ,Sphagnum palustre
準絶滅危惧（NT）,蘚苔類,ガッサンクロゴケ,Andreaea nivalis
準絶滅危惧（NT）,蘚苔類,ヒメハミズゴケ,Pogonatum camusii
準絶滅危惧（NT）,蘚苔類,ヤマトハクチョウゴケ,Campylostelium brachycarpum
準絶滅危惧（NT）,蘚苔類,イサワゴケ,Syrrhopodon tosaensis
準絶滅危惧（NT）,蘚苔類,キサゴゴケ,Hypnodontopsis apiculata
準絶滅危惧（NT）,蘚苔類,ダンダンゴケ,Eucladium verticillatum
準絶滅危惧（NT）,蘚苔類,フガゴケ,Gymnostomiella longinervis
準絶滅危惧（NT）,蘚苔類,アオシマヒメシワゴケ,Aulacopilum glaucum subsp. trichophyllum
準絶滅危惧（NT）,蘚苔類,カサゴケモドキ,Rhodobryum ontariense
準絶滅危惧（NT）,蘚苔類,キジノオゴケ,Cyathophorum adiantum
準絶滅危惧（NT）,蘚苔類,ササオカゴケ（アオモリカギハイゴケ）,Sasaokaea aomoriensis
準絶滅危惧（NT）,蘚苔類,イトヒバゴケ,Cryphaea obovatocarpa
準絶滅危惧（NT）,蘚苔類,カワブチゴケ,Cyptodontopsis leveillei
準絶滅危惧（NT）,蘚苔類,オオミツヤゴケ,Entodon conchophyllus
準絶滅危惧（NT）,蘚苔類,コシノヤバネゴケ,Dichelyma japonicum
準絶滅危惧（NT）,蘚苔類,クロカワゴケ,Fontinalis antipyretica
準絶滅危惧（NT）,蘚苔類,カワゴケ,Fontinalis hypnoides
準絶滅危惧（NT）,蘚苔類,イヌコクサゴケ,Neobarbella comes
準絶滅危惧（NT）,蘚苔類,ヒロハシノブイトゴケ,Trachycladiella aurea
準絶滅危惧（NT）,蘚苔類,ヒメタチヒラゴケ,Homaliadelphus targionianus var. rotundatus
準絶滅危惧（NT）,蘚苔類,カトウゴケ,Palisadula katoi
準絶滅危惧（NT）,蘚苔類,ホウライハゴロモゴケ,Circulifolium microdendron
準絶滅危惧（NT）,蘚苔類,キブリハネゴケ,Pinnatella makinoi
準絶滅危惧（NT）,蘚苔類,タイワントラノオゴケ,Taiwanobryum speciosum
情報不足（DD）,蘚苔類,ムカシヤバネゴケ,Cephaloziella crispata
情報不足（DD）,蘚苔類,タガワヤバネゴケ,Cylindrocolea tagawae
情報不足（DD）,蘚苔類,マルバイチョウゴケ,Obtusifolium obtusum
情報不足（DD）,蘚苔類,タニガワヒシャクゴケ,Scapania ciliatospinosa
情報不足（DD）,蘚苔類,ツバサヒシャクゴケ,Scapania crassiretis
情報不足（DD）,蘚苔類,コサキジロゴケ,Gymnomitrion laceratum
情報不足（DD）,蘚苔類,アカサキジロゴケ,Gymnomitrion mucronulatum
情報不足（DD）,蘚苔類,ヒロシウロコゴケ,Nardia hiroshii
情報不足（DD）,蘚苔類,ヒトスジウロコゴケ,Nardia unispiralis
情報不足（DD）,蘚苔類,リシリツボミゴケ,Solenostoma hokkaidense
情報不足（DD）,蘚苔類,タカネハネゴケモドキ,Plagiochila vexans
情報不足（DD）,蘚苔類,オキナワヤスデゴケ,Frullania okinawensis
情報不足（DD）,蘚苔類,ユーレンキララゴケ,Cololejeunea aequabilis
情報不足（DD）,蘚苔類,ヤエヤマサンカクゴケ,Drepanolejeunea spicata
情報不足（DD）,蘚苔類,オノクサリゴケ,Lejeunea syoshii
情報不足（DD）,蘚苔類,トガリバクラマゴケモドキ,Porella acutifolia subsp. acutifolia
情報不足（DD）,蘚苔類,オキナスギゴケ,Polytrichum juniperinum subsp. strictum
情報不足（DD）,蘚苔類,クマノゴケ,Diphyscium lorifolium
情報不足（DD）,蘚苔類,シロウマヤリカツギ,Encalypta alpina
情報不足（DD）,蘚苔類,ミヤマヤリカツギ,Encalypta rhaptocarpa
情報不足（DD）,蘚苔類,ミヤマクサスギゴケ,Timmia megapolitana
情報不足（DD）,蘚苔類,ミギワギボウシゴケ,Grimmia mollis
情報不足（DD）,蘚苔類,ノグチゴケ,Brachydontium noguchii
情報不足（DD）,蘚苔類,キヌシッポゴケモドキ,Brachydontium trichodes
情報不足（DD）,蘚苔類,キヌシッポゴケ,Blindiadelphus recurvatus
情報不足（DD）,蘚苔類,ハナシキヌシッポゴケ,Seligeria donniana
情報不足（DD）,蘚苔類,マユハケゴケ,Campylopus fragilis
情報不足（DD）,蘚苔類,ヒロスジツリバリゴケ,Campylopus gracilis
情報不足（DD）,蘚苔類,フジサンギンゴケモドキ,Aongstroemia julacea
情報不足（DD）,蘚苔類,ハタキゴケ,Aongstroemia orientalis
情報不足（DD）,蘚苔類,ニセタマウケゴケ（シバゴケ）,Garckea flexuosa
情報不足（DD）,蘚苔類,ヤクホウオウゴケ,Fissidens obscurus
情報不足（DD）,蘚苔類,ヒカリゴケ,Schistostega pennata
情報不足（DD）,蘚苔類,ヤマゴケ,Oreas martiana
情報不足（DD）,蘚苔類,アカネジクチゴケ,Husnotiella asperifolia
情報不足（DD）,蘚苔類,ミヤマコネジレゴケ,Syntrichia sinensis
情報不足（DD）,蘚苔類,ヒトヨシゴケ,Bruchia microspora
情報不足（DD）,蘚苔類,マエバラナガダイゴケ,Trematodon mayebarae
情報不足（DD）,蘚苔類,マルバユリゴケ,Tayloria hornschuchii
情報不足（DD）,蘚苔類,ユリゴケ（タイワンユリゴケ）,Tayloria indica
情報不足（DD）,蘚苔類,スルメゴケ,Tayloria splachnoides
情報不足（DD）,蘚苔類,ヤスダゴケ,Anomobryum yasudae
情報不足（DD）,蘚苔類,シノブチョウチンゴケ,Cyrtomnium hymenophylloides
情報不足（DD）,蘚苔類,タチチョウチンゴケ,Orthomnion dilatatum
情報不足（DD）,蘚苔類,タチチョウチンゴケモドキ,Orthomnion javense
情報不足（DD）,蘚苔類,テヅカチョウチンゴケ（アズミチョウチンゴケ）,Plagiomnium tezukae
情報不足（DD）,蘚苔類,ツブツブヘチマゴケ,Pohlia drummondii
情報不足（DD）,蘚苔類,ホソバゴケ,Schizymenium japonicum
情報不足（DD）,蘚苔類,イブキタチヒダゴケ,Orthotrichum cupulatum
情報不足（DD）,蘚苔類,ヒログチキンモウゴケ,Ulota eurystoma
情報不足（DD）,蘚苔類,カメゴケモドキ,Zygodon viridissimus
情報不足（DD）,蘚苔類,コアブラゴケ,Thamniopsis utacamundiana
情報不足（DD）,蘚苔類,ミハラシゴケ,Aerobryum speciosum var. nipponicum
情報不足（DD）,蘚苔類,スギバシノブゴケ,Bryochenea vestitissima
情報不足（DD）,蘚苔類,オオヤマトイタチゴケ,Leucodon giganteus
情報不足（DD）,蘚苔類,キタイタチゴケ,Leucodon sciuroides
情報不足（DD）,蘚苔類,ヨコグライタチゴケ,Leucodon sohayakiensis
情報不足（DD）,蘚苔類,ホソヒモゴケ,Meteorium papillarioides
情報不足（DD）,蘚苔類,ハナシタチヒラゴケ,Homaliadelphus targionianus var. laevidentatus
情報不足（DD）,蘚苔類,ヤクシマナワゴケ,Oedicladium rufescens var. yakushimense
情報不足（DD）,蘚苔類,エビスゴケ,Neckeropsis cyclophylla
情報不足（DD）,蘚苔類,レイシゴケ,Myurella sibirica
情報不足（DD）,蘚苔類,ホソバツヤゴケ（タチミツヤゴケ）,Orthothecium rufescens
情報不足（DD）,蘚苔類,オオサナダゴケ,Plagiothecium neckeroideum
情報不足（DD）,蘚苔類,ハイヒバゴケモドキ,Buckia vaucheri 
情報不足（DD）,蘚苔類,クイシコモチイトゴケ,Bonnosukea serrulata
情報不足（DD）,蘚苔類,ナメリヒメコモチイトゴケ,Clastobryellina merrillii
情報不足（DD）,蘚苔類,ニセヒメコモチイトゴケ,Clastobryellina orientalis
情報不足（DD）,蘚苔類,コモチイチイゴケ,Isopterygium propaguliferum
情報不足（DD）,蘚苔類,ニセシダレウニゴケ,Symphyodon asper
情報不足（DD）,蘚苔類,チチブウニゴケ,Symphyodon copelandii
情報不足（DD）,蘚苔類,ラッコゴケモドキ,Symphyodon gollanioides
情報不足（DD）,蘚苔類,シダレウニゴケ,Symphyodon recurvomarginatus
情報不足（DD）,蘚苔類,ナガレウニゴケ,Symphyodon rheophilus
情報不足（DD）,蘚苔類,カラフトシノブゴケ,Echinophyllum sachalinense
