1,2,3,4,5,6,7,8,9,10,11,12,13,14,15,16,17,18,19,20,21,22,23,24,25,26,27,28,29,30,31,32,33,34,35,36,37,38,39,40,41,42,43,44,45,46,47,48,49,50,51,52,53,54,55,56,57,58,59,60,61,62,63,64,65,66,67,68,69,70,71,72,73,74,75,76,77,78,79,80,81,82,83,84,85,86,87,88,89,90,91,92,93,94,95,96,97,98,99,100,101,102,103,104,105,106,107,108,109,110,111,112,113,114,115,116,117,118,119,120,121,122,123,124,125,126,127,128,129,130,131,132,133,134,135,136,137,138,139,140,141,142,143,144,145,146,147,148,149,150,151,152,153,154,155,156,157,158,159,160,161,162,163,164,165,166,167,168,169,170,171,172,173,174,175,176,177,178
5thRL,5thRL,5thRL,5thRL,5thRL,5thRL,5thRL,5thRL,5thRL,RL2020,RL2020,RL2020,RL2019,RL2019,RL2019,RL2018,RL2018,RL2018,RL2017,RL2017,RL2017,RL2015,RL2015,RL2015,4thRL,4thRL,4thRL,3rdRL,3rdRL,3rdRL,2ndRL,2ndRL,2ndRL,1stRL,1stRL,1stRL,生息・生育環境区分（陸域（山地・丘陵）中区分）,生息・生育環境区分（陸域（山地・丘陵）中区分）,生息・生育環境区分（陸域（山地・丘陵）中区分）,生息・生育環境区分（陸域（山地・丘陵）中区分）,生息・生育環境区分（陸域（山地・丘陵）中区分）,生息・生育環境区分（陸域（山地・丘陵）細区分）,生息・生育環境区分（陸域（山地・丘陵）細区分）,生息・生育環境区分（陸域（山地・丘陵）細区分）,生息・生育環境区分（陸域（山地・丘陵）細区分）,生息・生育環境区分（陸域（山地・丘陵）細区分）,生息・生育環境区分（陸域（山地・丘陵）細区分）,生息・生育環境区分（陸域（山地・丘陵）細区分）,生息・生育環境区分（陸域（山地・丘陵）細区分）,生息・生育環境区分（陸域（山地・丘陵）細区分）,生息・生育環境区分（陸域（山地・丘陵）細区分）,生息・生育環境区分（陸域（山地・丘陵）細区分）,生息・生育環境区分（陸域（山地・丘陵）細区分）,生息・生育環境区分（陸域（山地・丘陵）細区分）,生息・生育環境区分（陸域（山地・丘陵）細区分）,生息・生育環境区分（陸域（山地・丘陵）細区分）,生息・生育環境区分（陸域（山地・丘陵）細区分）,生息・生育環境区分（陸域（山地・丘陵）細区分）,生息・生育環境区分（陸域（平野・海岸等）中区分）,生息・生育環境区分（陸域（平野・海岸等）中区分）,生息・生育環境区分（陸域（平野・海岸等）中区分）,生息・生育環境区分（陸域（平野・海岸等）中区分）,生息・生育環境区分（陸域（平野・海岸等）細区分）,生息・生育環境区分（陸域（平野・海岸等）細区分）,生息・生育環境区分（陸域（平野・海岸等）細区分）,生息・生育環境区分（陸域（平野・海岸等）細区分）,生息・生育環境区分（陸域（平野・海岸等）細区分）,生息・生育環境区分（陸域（平野・海岸等）細区分）,生息・生育環境区分（陸域（平野・海岸等）細区分）,生息・生育環境区分（陸域（平野・海岸等）細区分）,生息・生育環境区分（陸域（平野・海岸等）細区分）,生息・生育環境区分（陸域（平野・海岸等）細区分）,生息・生育環境区分（陸域（平野・海岸等）細区分）,生息・生育環境区分（陸域（平野・海岸等）細区分）,生息・生育環境区分（陸域（平野・海岸等）細区分）,生息・生育環境区分（陸域（平野・海岸等）細区分）,生息・生育環境区分（陸域（平野・海岸等）細区分）,生息・生育環境区分（陸域（平野・海岸等）細区分）,生息・生育環境区分（陸域（平野・海岸等）細区分）,生息・生育環境区分（陸域（平野・海岸等）細区分）,生息・生育環境区分（陸域（平野・海岸等）細区分）,生息・生育環境区分（陸域（平野・海岸等）細区分）,生息・生育環境区分（陸域（平野・海岸等）細区分）,生息・生育環境区分（陸域（平野・海岸等）細区分）,生息・生育環境区分（陸域（平野・海岸等）細区分）,生息・生育環境区分（陸域（平野・海岸等）細区分）,生息・生育環境区分（陸域（平野・海岸等）細区分）,生息・生育環境区分（陸域（平野・海岸等）細区分）,生息・生育環境区分（陸域（平野・海岸等）細区分）,生息・生育環境区分（陸域（平野・海岸等）細区分）,生息・生育環境区分（陸域（平野・海岸等）細区分）,生息・生育環境区分（海域（沿岸）中区分）,生息・生育環境区分（海域（沿岸）中区分）,生息・生育環境区分（海域（沿岸）中区分）,生息・生育環境区分（海域（沿岸）中区分）,生息・生育環境区分（海域（沿岸）中区分）,生息・生育環境区分（海域（沿岸）細区分）,生息・生育環境区分（海域（沿岸）細区分）,生息・生育環境区分（海域（沿岸）細区分）,生息・生育環境区分（海域（沿岸）細区分）,生息・生育環境区分（海域（沿岸）細区分）,生息・生育環境区分（海域（沿岸）細区分）,生息・生育環境区分（海域（沿岸）細区分）,生息・生育環境区分（海域（沿岸）細区分）,生息・生育環境区分（海域（沿岸）細区分）,生息・生育環境区分（海域（沿岸）細区分）,生息・生育環境区分（海域（沿岸）細区分）,生息・生育環境区分（海域（沿岸）細区分）,生息・生育環境区分（海域（外洋）中区分）,生息・生育環境区分（海域（外洋）中区分）,生息・生育環境区分（海域（外洋）中区分）,生息・生育環境区分（海域（外洋）中区分）,生息・生育環境区分（海域（外洋）細区分）,生息・生育環境区分（海域（外洋）細区分）,生息・生育環境区分（海域（外洋）細区分）,生息・生育環境区分（海域（外洋）細区分）,生息・生育環境区分（海域（外洋）細区分）,生息・生育環境区分（海域（外洋）細区分）,生息・生育環境区分（海域（外洋）細区分）,生息・生育環境区分（海域（外洋）細区分）,生息・生育環境区分（海域（外洋）細区分）,生息・生育環境区分（海域（外洋）細区分）,国土地域区分,国土地域区分,国土地域区分,国土地域区分,国土地域区分,国土地域区分,国土地域区分,国土地域区分,存続を脅かす要因（現在）,存続を脅かす要因（現在）,存続を脅かす要因（現在）,存続を脅かす要因（現在）,存続を脅かす要因（現在）,存続を脅かす要因（現在）,存続を脅かす要因（現在）,存続を脅かす要因（現在）,存続を脅かす要因（現在）,存続を脅かす要因（現在）,存続を脅かす要因（現在）,存続を脅かす要因（現在）,存続を脅かす要因（現在）,存続を脅かす要因（現在）,存続を脅かす要因（現在）,存続を脅かす要因（現在）,存続を脅かす要因（現在）,存続を脅かす要因（現在）,存続を脅かす要因（現在）,存続を脅かす要因（現在）,存続を脅かす要因（現在）,存続を脅かす要因（現在）,存続を脅かす要因（現在）,存続を脅かす要因（現在）,存続を脅かす要因（現在）,存続を脅かす要因（現在）,存続を脅かす要因（現在）,存続を脅かす要因（現在）,存続を脅かす要因（現在）,存続を脅かす要因（現在）,存続を脅かす要因（現在）,存続を脅かす要因（現在）,存続を脅かす要因（現在）,存続を脅かす要因（現在）,存続を脅かす要因（現在）,存続を脅かす要因（現在）,存続を脅かす要因（現在）,存続を脅かす要因（現在）,存続を脅かす要因（現在）,存続を脅かす要因（現在）,存続を脅かす要因（現在）,存続を脅かす要因（現在）,存続を脅かす要因（現在）,存続を脅かす要因（現在）,存続を脅かす要因（現在）,存続を脅かす要因（現在）,存続を脅かす要因（現在）,
掲載No.,分科会名,カテゴリーJPN,カテゴリーENG,目名,科名,和名,学名,判定基準,和名,学名,カテゴリー,和名,学名,カテゴリー,和名,学名,カテゴリー,和名,学名,カテゴリー,和名,学名,カテゴリー,和名,学名,カテゴリー,和名,学名,カテゴリー,和名,学名,カテゴリー,和名,学名,カテゴリー,高標高地,中標高地,低標高地,その他,その他自由記述,裸地,森林,草地,田地・畑地,耕作放棄地,農業用水路,湿地・湿原・細流,砂地・風衝地,岩壁・ガレ場（石灰岩地等）,洞窟・地下浅層・地下水域,河川源流域,河川上流域,河川中流域,ため池・池沼,湖・ダム湖,その他,その他自由記述,平地部,海岸部,その他,その他自由記述,裸地,森林,草地,田地・畑地,耕作放棄地,湿地・湿原,住宅地,商業・工業施設,市街緑地,砂地・礫地,河川中流域,河川下流域,河口域,ワンド,農業用水路,小河川,ため池・池沼,潟・湖・ダム湖,地下水域,井戸,洞窟・地下浅層,砂浜・礫浜,海崖・岩浜・岩礁（磯）,汽水域,塩沼地・塩性湿地・河口干潟(マングローブ湿地を含む),潟・汽水湖,陸封潮溜まり（アンキアライン池・洞窟）,その他,その他自由記述,潮間帯,表層,中深層以深,その他,その他自由記述,海面,漂泳界(水柱環境),岩礁（磯）,藻場,アマモ場,サンゴ礁,干潟,砂底・礫底,泥底,洞窟,その他,その他自由記述,表層,中深層以深,その他,その他自由記述,海面,漂泳界(水柱環境),岩底,砂底・礫底,泥底,洞窟,熱水噴出孔,冷水湧出帯,その他,その他自由記述,奥山自然地域,里地里山・田園地域,都市地域,河川・湿地地域,沿岸域,海洋域,島嶼地域,不明,森林伐採,湖沼開発,河川開発,海岸開発,海砂採取,湿地開発,圃場整備,草地開発,石灰採掘,洞窟の消失や環境悪化,ゴルフ場,スキー場,土地造成,交通インフラ建設,ダム・河川工作物建設,発電施設建設,水質汚濁,水温変化,農薬汚染/化学物質汚染,感染症/病原菌,大気汚染,捕獲・狩猟/園芸採取,食用・薬用採取,違法採集,混獲・錯誤捕獲,シカ食害,その他動物食害,捕食（外来種による）,捕食（在来種による）,競争/競合（外来種による）,競争/競合（在来種による）,交雑（外来種による）,交雑（在来種による),宿主の減少,人の踏みつけ,交通事故,人工構造物への衝突,光害,管理放棄,遷移進行・植生変化/自然遷移,基質・基物の減少及び消失,自然災害,気候変動,局所分布,近親交配,その他,その他自由記述,不明
AM0001,爬虫類・両生類,絶滅危惧IA類,CR,有尾目,サンショウウオ科,アマクササンショウウオ,Hynobius amakusaensis,B2ab,アマクササンショウウオ,Hynobius amakusaensis,CR,アマクササンショウウオ,Hynobius amakusaensis,CR,アマクササンショウウオ,Hynobius amakusaensis,CR,アマクササンショウウオ,Hynobius amakusaensis,CR,－,－,－,－,－,－,－,－,－,－,－,－,－,－,－,0,0,1,0,―,0,1,0,0,0,0,0,0,0,0,1,1,0,0,0,0,―,0,0,0,―,0,0,0,0,0,0,0,0,0,0,0,0,0,0,0,0,0,0,0,0,0,0,0,0,0,0,0,0,―,0,0,0,0,―,0,0,0,0,0,0,0,0,0,0,0,―,0,0,0,―,0,0,0,0,0,0,0,0,0,―,1,0,0,0,0,0,1,0,1,0,1,0,0,0,0,0,0,0,0,0,0,1,1,0,0,0,0,0,0,1,0,1,0,0,1,0,0,0,0,0,0,0,0,0,0,0,0,0,0,0,0,0,0,0,―,0
AM0002,爬虫類・両生類,絶滅危惧IA類,CR,有尾目,サンショウウオ科,ゲイヨサンショウウオ,Hynobius geiyoensis,B2ab,－,－,－,－,－,－,－,－,－,－,－,－,－,－,－,－,－,－,－,－,－,－,－,－,－,－,－,0,0,1,0,―,0,1,1,1,1,1,1,0,0,0,0,0,0,1,0,0,―,1,0,0,―,0,1,0,1,1,1,0,0,0,0,0,0,0,0,1,0,1,0,0,0,0,0,0,0,0,0,0,0,―,0,0,0,0,―,0,0,0,0,0,0,0,0,0,0,0,―,0,0,0,―,0,0,0,0,0,0,0,0,0,―,0,1,0,1,0,0,1,0,0,0,0,0,0,1,1,0,0,0,0,0,1,0,0,0,0,0,1,0,0,0,0,0,0,0,0,0,0,0,0,0,0,0,0,0,0,0,0,0,0,1,0,1,0,0,―,0
AM0003,爬虫類・両生類,絶滅危惧IA類,CR,有尾目,サンショウウオ科,ミカワサンショウウオ,Hynobius mikawaensis,B2ab,ミカワサンショウウオ,Hynobius mikawaensis,CR,ミカワサンショウウオ,Hynobius mikawaensis,CR,ミカワサンショウウオ,Hynobius mikawaensis,CR,－,－,－,－,－,－,－,－,－,－,－,－,－,－,－,－,－,－,0,1,0,0,―,0,1,0,0,0,0,1,0,0,0,0,0,0,0,0,0,―,0,0,0,―,0,0,0,0,0,0,0,0,0,0,0,0,0,0,0,0,0,0,0,0,0,0,0,0,0,0,0,0,―,0,0,0,0,―,0,0,0,0,0,0,0,0,0,0,0,―,0,0,0,―,0,0,0,0,0,0,0,0,0,―,1,0,0,0,0,0,0,0,1,0,0,0,0,1,0,0,0,0,0,0,1,1,0,0,0,0,0,0,0,1,0,0,0,0,0,1,0,0,0,0,0,0,0,0,0,0,0,1,0,0,0,1,0,0,―,0
AM0004,爬虫類・両生類,絶滅危惧IA類,CR,有尾目,サンショウウオ科,ナンヨサンショウウオ,Hynobius oni,B1ab+2ab,－,－,－,－,－,－,－,－,－,－,－,－,－,－,－,－,－,－,－,－,－,－,－,－,－,－,－,0,1,0,0,―,0,1,0,0,0,0,0,0,0,0,1,1,0,0,0,0,―,1,0,0,―,0,1,0,0,0,0,0,0,0,0,0,0,0,0,0,0,0,0,0,0,0,0,0,0,0,0,0,0,―,0,0,0,0,―,0,0,0,0,0,0,0,0,0,0,0,―,0,0,0,―,0,0,0,0,0,0,0,0,0,―,1,0,0,0,0,0,0,0,1,0,0,0,0,0,0,0,0,0,0,0,1,0,1,0,0,0,0,0,0,0,0,0,0,0,0,0,0,0,0,0,0,0,0,0,0,0,0,0,0,1,1,1,0,0,―,0
AM0005,爬虫類・両生類,絶滅危惧IA類,CR,有尾目,サンショウウオ科,トサシミズサンショウウオ,Hynobius tosashimizuensis,B2ab,トサシミズサンショウウオ,Hynobius tosashimizuensis,CR,オオイタサンショウウオ,Hynobius dunni,VU,オオイタサンショウウオ,Hynobius dunni,VU,オオイタサンショウウオ,Hynobius dunni,VU,オオイタサンショウウオ,Hynobius dunni,VU,オオイタサンショウウオ,Hynobius dunni,VU,オオイタサンショウウオ,Hynobius dunni,VU,－,－,－,－,－,－,0,0,1,0,―,0,1,1,0,1,0,1,0,0,0,0,0,0,1,0,0,―,1,0,0,―,0,1,1,0,1,1,0,0,0,0,0,0,0,0,0,0,1,0,0,0,0,0,0,0,0,0,0,0,―,0,0,0,0,―,0,0,0,0,0,0,0,0,0,0,0,―,0,0,0,―,0,0,0,0,0,0,0,0,0,―,0,1,0,0,0,0,0,0,1,0,0,0,0,1,0,1,0,0,0,0,1,1,0,0,1,0,1,0,0,1,0,0,0,0,0,1,0,0,0,0,0,0,0,0,0,0,0,1,0,1,0,0,0,0,―,0
AM0006,爬虫類・両生類,絶滅危惧IA類,CR,有尾目,サンショウウオ科,ツクバハコネサンショウウオ,Onychodactylus tsukubaensis,B1ab,ツクバハコネサンショウウオ,Onychodactylus tsukubaensis,CR,ツクバハコネサンショウウオ,Onychodactylus tsukubaensis,CR,ツクバハコネサンショウウオ,Onychodactylus tsukubaensis,CR,ツクバハコネサンショウウオ,Onychodactylus tsukubaensis,CR,－,－,－,－,－,－,－,－,－,－,－,－,－,－,－,0,1,1,0,―,0,1,0,0,0,0,0,0,0,1,1,1,0,0,0,0,―,0,0,0,―,0,0,0,0,0,0,0,0,0,0,0,0,0,0,0,0,0,0,0,0,0,0,0,0,0,0,0,0,―,0,0,0,0,―,0,0,0,0,0,0,0,0,0,0,0,―,0,0,0,―,0,0,0,0,0,0,0,0,0,―,1,1,0,0,0,0,0,0,1,0,1,0,0,0,0,0,0,0,0,0,0,1,1,0,0,0,0,0,0,1,0,0,0,0,0,1,0,0,0,0,0,0,0,0,0,0,0,0,0,0,1,0,0,0,―,0
AM0007,爬虫類・両生類,絶滅危惧IA類,CR,無尾目,アカガエル科,サドガエル,Glandirana susurra,B2ab,サドガエル,Glandirana susurra,EN,サドガエル,Glandirana susurra,EN,サドガエル,Glandirana susurra,EN,サドガエル,Glandirana susurra,VU,－,－,－,－,－,－,－,－,－,－,－,－,－,－,－,0,0,1,0,―,0,0,0,1,0,0,0,0,0,0,0,0,0,1,0,0,―,1,0,0,―,0,0,0,1,0,0,0,0,0,0,0,0,0,0,0,0,1,0,0,0,0,0,0,0,0,0,0,0,―,0,0,0,0,―,0,0,0,0,0,0,0,0,0,0,0,―,0,0,0,―,0,0,0,0,0,0,0,0,0,―,0,1,0,0,0,0,1,0,0,0,0,0,0,1,1,0,0,0,0,0,0,0,0,0,0,0,1,0,0,0,0,0,0,0,0,1,1,0,0,0,0,0,0,0,0,0,0,0,0,0,0,1,0,1,水田の中干し,0
AM0008,爬虫類・両生類,絶滅危惧IB類,EN,有尾目,サンショウウオ科,アベサンショウウオ,Hynobius abei,B2ab,アベサンショウウオ,Hynobius abei,CR,アベサンショウウオ,Hynobius abei,CR,アベサンショウウオ,Hynobius abei,CR,アベサンショウウオ,Hynobius abei,CR,アベサンショウウオ,Hynobius abei,CR,アベサンショウウオ,Hynobius abei,CR,アベサンショウウオ,Hynobius abei,CR,アベサンショウウオ,Hynobius abei,CR,アベサンショウウオ,Hynobius abei,E,0,1,1,0,―,0,1,0,0,1,0,1,0,0,0,0,0,0,1,0,0,―,1,0,0,―,0,1,0,0,1,0,0,0,0,0,0,0,0,0,0,0,0,0,0,0,0,0,0,0,0,0,0,0,―,0,0,0,0,―,0,0,0,0,0,0,0,0,0,0,0,―,0,0,0,―,0,0,0,0,0,0,0,0,0,―,0,1,0,1,0,0,0,0,1,0,0,0,0,1,0,0,0,0,1,1,1,1,0,0,0,0,0,0,0,0,0,1,0,0,0,1,0,0,0,0,0,0,0,0,0,0,0,0,0,0,0,0,0,0,―,0
AM0009,爬虫類・両生類,絶滅危惧IB類,EN,有尾目,サンショウウオ科,アブサンショウウオ,Hynobius abuensis,B1ab,アブサンショウウオ,Hynobius abuensis,EN,－,－,－,－,－,－,－,－,－,－,－,－,－,－,－,－,－,－,－,－,－,－,－,－,0,1,1,0,―,0,1,0,0,1,0,0,0,0,0,0,0,0,0,0,0,―,1,0,0,―,0,1,0,0,0,0,0,0,0,0,0,0,0,0,0,0,0,0,0,0,0,0,0,0,0,0,0,0,―,0,0,0,0,―,0,0,0,0,0,0,0,0,0,0,0,―,0,0,0,―,0,0,0,0,0,0,0,0,0,―,0,1,0,1,0,0,0,0,1,0,0,0,0,1,1,0,0,0,0,0,0,0,0,0,0,0,0,0,0,1,0,0,0,0,0,0,0,0,0,0,1,0,0,1,0,0,1,1,0,1,0,0,0,0,―,0
AM0010,爬虫類・両生類,絶滅危惧IB類,EN,有尾目,サンショウウオ科,アキサンショウウオ,Hynobius akiensis,B1ab,アキサンショウウオ,Hynobius akiensis,EN,－,－,－,－,－,－,－,－,－,－,－,－,－,－,－,－,－,－,－,－,－,－,－,－,0,1,1,0,―,0,1,1,1,1,1,1,0,0,0,0,0,0,1,0,0,―,1,0,0,―,0,1,1,1,1,1,0,0,0,0,0,0,0,0,0,0,0,0,0,0,0,0,0,0,0,0,0,0,―,0,0,0,0,―,0,0,0,0,0,0,0,0,0,0,0,―,0,0,0,―,0,0,0,0,0,0,0,0,0,―,0,1,0,1,0,0,0,0,1,0,0,0,0,1,1,0,0,0,0,0,1,1,0,0,0,0,0,0,0,1,0,0,0,0,0,1,0,0,0,0,0,0,0,0,0,0,1,1,0,0,0,0,0,0,―,0
AM0011,爬虫類・両生類,絶滅危惧IB類,EN,有尾目,サンショウウオ科,ヤマグチサンショウウオ,Hynobius bakan,B1ab,ヤマグチサンショウウオ,Hynobius bakan,VU,－,－,－,－,－,－,－,－,－,－,－,－,－,－,－,－,－,－,－,－,－,－,－,－,0,0,1,0,―,0,1,0,1,1,1,1,0,0,0,0,0,0,0,0,0,―,1,0,0,―,0,1,0,0,0,0,0,0,0,0,0,0,0,0,0,0,0,0,0,0,0,0,0,0,0,0,0,0,―,0,0,0,0,―,0,0,0,0,0,0,0,0,0,0,0,―,0,0,0,―,0,0,0,0,0,0,0,0,0,―,0,1,0,0,0,0,0,0,1,0,0,0,0,1,1,0,0,0,0,0,1,1,0,0,0,0,0,0,0,1,0,0,0,0,0,0,0,0,0,0,0,0,0,0,0,0,1,1,0,0,0,0,0,0,―,0
AM0012,爬虫類・両生類,絶滅危惧IB類,EN,有尾目,サンショウウオ科,ハクバサンショウウオ,Hynobius hidamontanus,B2ab,ハクバサンショウウオ,Hynobius hidamontanus,EN,ハクバサンショウウオ,Hynobius hidamontanus,EN,ハクバサンショウウオ,Hynobius hidamontanus,EN,ハクバサンショウウオ,Hynobius hidamontanus,EN,ハクバサンショウウオ,Hynobius hidamontanus,EN,ハクバサンショウウオ,Hynobius hidamontanus,EN,ハクバサンショウウオ,Hynobius hidamontanus,EN,ハクバサンショウウオ,Hynobius hidamontanus,EN,ハクバサンショウウオ,Hynobius hidamontanus,V,0,1,0,0,―,0,1,0,0,0,0,1,0,0,0,0,1,0,0,0,0,―,0,0,0,―,0,0,0,0,0,0,0,0,0,0,0,0,0,0,0,0,0,0,0,0,0,0,0,0,0,0,0,0,―,0,0,0,0,―,0,0,0,0,0,0,0,0,0,0,0,―,0,0,0,―,0,0,0,0,0,0,0,0,0,―,1,0,0,1,0,0,0,0,0,0,0,0,0,1,0,0,0,0,0,0,1,1,0,0,1,0,0,0,0,1,0,0,0,0,0,0,0,0,0,0,0,0,0,0,0,0,0,1,0,0,0,0,0,0,―,0
AM0013,爬虫類・両生類,絶滅危惧IB類,EN,有尾目,サンショウウオ科,イワミサンショウウオ,Hynobius iwami,B1ab,イワミサンショウウオ,Hynobius iwami,EN,－,－,－,－,－,－,－,－,－,－,－,－,－,－,－,－,－,－,－,－,－,－,－,－,0,0,1,0,―,0,1,1,1,1,1,1,0,0,0,0,0,0,0,0,0,―,1,0,0,―,0,1,0,1,0,1,0,0,0,0,0,0,0,0,1,0,0,0,0,0,0,0,0,0,0,0,0,0,―,0,0,0,0,―,0,0,0,0,0,0,0,0,0,0,0,―,0,0,0,―,0,0,0,0,0,0,0,0,0,―,0,1,0,1,0,0,0,0,1,0,0,0,0,1,1,0,0,0,0,0,0,1,0,0,0,0,0,0,0,1,0,0,0,0,0,0,0,0,0,0,0,0,0,0,0,0,1,1,0,0,0,0,0,0,―,0
AM0014,爬虫類・両生類,絶滅危惧IB類,EN,有尾目,サンショウウオ科,アカイシサンショウウオ,Hynobius katoi,B2ab,アカイシサンショウウオ,Hynobius katoi,EN,アカイシサンショウウオ,Hynobius katoi,EN,アカイシサンショウウオ,Hynobius katoi,EN,アカイシサンショウウオ,Hynobius katoi,EN,アカイシサンショウウオ,Hynobius katoi,EN,アカイシサンショウウオ,Hynobius katoi,EN,アカイシサンショウウオ,Hynobius katoi,EN,－,－,－,－,－,－,0,1,0,0,―,0,1,0,0,0,0,0,0,0,0,1,0,0,0,0,0,―,0,0,0,―,0,0,0,0,0,0,0,0,0,0,0,0,0,0,0,0,0,0,0,0,0,0,0,0,0,0,0,0,―,0,0,0,0,―,0,0,0,0,0,0,0,0,0,0,0,―,0,0,0,―,0,0,0,0,0,0,0,0,0,―,1,0,0,1,0,0,0,0,1,0,1,0,0,0,0,0,0,0,0,0,0,1,0,0,0,0,0,0,0,0,0,0,0,0,0,0,0,0,0,0,0,0,0,0,0,0,0,0,0,0,0,0,0,0,―,0
AM0015,爬虫類・両生類,絶滅危惧IB類,EN,有尾目,サンショウウオ科,イヨシマサンショウウオ,Hynobius kuishiensis,B1ab+2ab,イヨシマサンショウウオ,Hynobius kuishiensis,VU,－,－,－,－,－,－,－,－,－,－,－,－,－,－,－,－,－,－,－,－,－,－,－,－,0,1,0,0,―,0,1,0,0,0,0,0,0,0,0,1,1,0,0,0,0,―,1,0,0,―,0,1,0,0,0,0,0,0,0,0,0,0,0,0,0,0,0,0,0,0,0,0,0,0,0,0,0,0,―,0,0,0,0,―,0,0,0,0,0,0,0,0,0,0,0,―,0,0,0,―,0,0,0,0,0,0,0,0,0,―,1,0,0,0,0,0,0,0,1,0,0,0,0,0,0,0,0,0,0,0,1,1,1,0,0,0,0,0,0,1,0,1,0,1,0,0,0,0,0,0,0,0,0,0,0,0,0,0,0,1,0,0,0,0,―,0
AM0016,爬虫類・両生類,絶滅危惧IB類,EN,有尾目,サンショウウオ科,イズモサンショウウオ,Hynobius kunibiki,B1ab,－,－,－,－,－,－,－,－,－,－,－,－,－,－,－,－,－,－,－,－,－,－,－,－,－,－,－,0,0,1,0,―,0,1,0,0,1,1,1,0,0,0,0,0,0,0,0,0,―,1,0,0,―,0,1,0,1,0,1,0,0,0,0,0,0,0,0,1,0,1,0,0,0,0,0,0,0,0,0,0,0,―,0,0,0,0,―,0,0,0,0,0,0,0,0,0,0,0,―,0,0,0,―,0,0,0,0,0,0,0,0,0,―,0,1,0,1,0,0,0,0,0,0,0,0,0,1,1,0,0,0,0,0,1,1,0,0,1,0,0,0,0,1,0,0,0,0,0,1,0,0,0,0,0,0,0,0,0,0,1,1,0,0,0,0,0,0,―,0
AM0017,爬虫類・両生類,絶滅危惧IB類,EN,有尾目,サンショウウオ科,ブチサンショウウオ,Hynobius naevius,B1ab,ブチサンショウウオ,Hynobius naevius,EN,ブチサンショウウオ,Hynobius naevius,NT,ブチサンショウウオ,Hynobius naevius,NT,ブチサンショウウオ,Hynobius naevius,NT,ブチサンショウウオ,Hynobius naevius,NT,ブチサンショウウオ,Hynobius naevius,NT,ブチサンショウウオ,Hynobius naevius,NT,－,－,－,－,－,－,0,1,1,0,―,0,1,0,0,0,0,0,0,0,0,1,1,0,0,0,0,―,0,0,0,―,0,0,0,0,0,0,0,0,0,0,0,0,0,0,0,0,0,0,0,0,0,0,0,0,0,0,0,0,―,0,0,0,0,―,0,0,0,0,0,0,0,0,0,0,0,―,0,0,0,―,0,0,0,0,0,0,0,0,0,―,1,0,0,0,0,0,0,0,1,0,0,0,0,0,0,0,0,0,0,0,0,1,1,0,0,0,0,0,0,1,0,0,0,0,0,0,0,0,0,0,0,0,0,0,0,0,0,0,0,0,0,0,0,0,―,0
AM0018,爬虫類・両生類,絶滅危惧IB類,EN,有尾目,サンショウウオ科,オオスミサンショウウオ,Hynobius osumiensis,B2ab,オオスミサンショウウオ,Hynobius osumiensis,EN,オオスミサンショウウオ,Hynobius osumiensis,EN,オオスミサンショウウオ,Hynobius osumiensis,EN,オオスミサンショウウオ,Hynobius osumiensis,EN,－,－,－,－,－,－,－,－,－,－,－,－,－,－,－,0,1,0,0,―,0,1,0,0,0,0,0,0,0,0,1,1,0,0,0,0,―,0,0,0,―,0,0,0,0,0,0,0,0,0,0,0,0,0,0,0,0,0,0,0,0,0,0,0,0,0,0,0,0,―,0,0,0,0,―,0,0,0,0,0,0,0,0,0,0,0,―,0,0,0,―,0,0,0,0,0,0,0,0,0,―,1,0,0,0,0,0,0,0,1,0,0,0,0,0,0,0,0,0,0,0,1,1,0,0,1,0,0,0,0,1,0,0,0,0,0,0,0,0,0,0,0,0,0,0,0,0,0,0,0,0,0,0,0,0,―,0
AM0019,爬虫類・両生類,絶滅危惧IB類,EN,有尾目,サンショウウオ科,イワキサンショウウオ,Hynobius sengokui,B1ab+2ab,－,－,－,－,－,－,－,－,－,－,－,－,－,－,－,－,－,－,－,－,－,－,－,－,－,－,－,0,0,1,0,―,0,1,0,1,1,0,1,0,0,0,0,0,0,1,0,0,―,1,0,0,―,0,1,1,0,0,1,0,0,0,0,0,0,0,1,1,1,0,0,0,0,0,0,0,0,0,0,0,0,―,0,0,0,0,―,0,0,0,0,0,0,0,0,0,0,0,―,0,0,0,―,0,0,0,0,0,0,0,0,0,―,0,1,0,1,0,0,0,0,0,0,0,0,0,0,1,0,0,0,0,0,1,1,0,0,0,0,0,0,0,1,0,0,0,0,0,1,0,0,0,0,0,0,0,0,0,0,0,0,0,0,0,0,0,0,―,0
AM0020,爬虫類・両生類,絶滅危惧IB類,EN,有尾目,サンショウウオ科,サンインサンショウウオ,Hynobius setoi,B1ab,サンインサンショウウオ,Hynobius setoi,EN,－,－,－,－,－,－,－,－,－,－,－,－,－,－,－,－,－,－,－,－,－,－,－,－,0,0,1,0,―,0,1,1,1,1,0,1,0,0,0,0,0,0,0,0,0,―,1,0,0,―,0,1,0,1,1,1,0,0,0,0,0,0,0,0,0,0,1,0,0,0,0,0,0,0,0,0,0,0,―,0,0,0,0,―,0,0,0,0,0,0,0,0,0,0,0,―,0,0,0,―,0,0,0,0,0,0,0,0,0,―,0,1,0,0,0,0,0,0,0,0,0,0,0,1,1,0,0,0,0,0,1,1,0,1,0,0,0,0,0,1,0,0,0,0,0,1,0,0,0,0,0,0,0,0,0,0,1,1,0,0,0,0,0,0,―,0
AM0021,爬虫類・両生類,絶滅危惧IB類,EN,有尾目,サンショウウオ科,ソボサンショウウオ,Hynobius shinichisatoi,B2ab,ソボサンショウウオ,Hynobius shinichisatoi,EN,ソボサンショウウオ,Hynobius shinichisatoi,EN,ソボサンショウウオ,Hynobius shinichisatoi,EN,ソボサンショウウオ,Hynobius shinichisatoi,EN,－,－,－,－,－,－,－,－,－,－,－,－,－,－,－,0,1,0,0,―,0,1,0,0,0,0,0,0,0,0,1,1,0,0,0,0,―,0,0,0,―,0,0,0,0,0,0,0,0,0,0,0,0,0,0,0,0,0,0,0,0,0,0,0,0,0,0,0,0,―,0,0,0,0,―,0,0,0,0,0,0,0,0,0,0,0,―,0,0,0,―,0,0,0,0,0,0,0,0,0,―,1,0,0,1,0,0,0,0,1,0,1,0,0,0,0,0,0,0,0,0,1,1,0,0,1,0,0,0,0,1,0,0,0,0,0,0,0,0,0,0,0,0,0,0,0,0,0,0,0,0,0,0,0,0,―,0
AM0022,爬虫類・両生類,絶滅危惧IB類,EN,有尾目,サンショウウオ科,ヒロシマサンショウウオ,Hynobius sumidai,B1ab,－,－,－,－,－,－,－,－,－,－,－,－,－,－,－,－,－,－,－,－,－,－,－,－,－,－,－,0,0,1,0,―,0,1,0,1,1,1,1,0,0,0,0,0,0,0,0,0,―,1,0,0,―,0,1,0,1,1,1,0,0,0,0,0,0,0,0,0,0,0,0,0,0,0,0,0,0,0,0,0,0,―,0,0,0,0,―,0,0,0,0,0,0,0,0,0,0,0,―,0,0,0,―,0,0,0,0,0,0,0,0,0,―,0,1,0,0,0,0,0,0,0,0,0,0,0,0,1,0,0,0,0,0,1,0,0,0,0,0,0,0,0,1,0,0,0,0,0,0,0,0,0,0,0,0,0,0,0,0,0,1,0,0,0,0,0,0,―,0
AM0023,爬虫類・両生類,絶滅危惧IB類,EN,有尾目,サンショウウオ科,タゴサンショウウオ,Hynobius tagoi,B1ab,－,－,－,－,－,－,－,－,－,－,－,－,－,－,－,－,－,－,－,－,－,－,－,－,－,－,－,0,0,1,0,―,0,1,0,0,0,0,0,0,0,0,1,1,0,0,0,0,―,0,0,0,―,0,0,0,0,0,0,0,0,0,0,0,0,0,0,0,0,0,0,0,0,0,0,0,0,0,0,0,0,―,0,0,0,0,―,0,0,0,0,0,0,0,0,0,0,0,―,0,0,0,―,0,0,0,0,0,0,0,0,0,―,1,0,0,1,0,0,0,0,1,0,1,0,0,0,0,0,0,0,0,0,0,1,0,0,0,0,0,0,0,0,0,0,0,0,0,0,0,0,0,0,0,0,0,0,0,0,0,0,0,0,0,1,0,0,―,0
AM0024,爬虫類・両生類,絶滅危惧IB類,EN,有尾目,サンショウウオ科,ホクリクサンショウウオ,Hynobius takedai,B1ab,ホクリクサンショウウオ,Hynobius takedai,EN,ホクリクサンショウウオ,Hynobius takedai,EN,ホクリクサンショウウオ,Hynobius takedai,EN,ホクリクサンショウウオ,Hynobius takedai,EN,ホクリクサンショウウオ,Hynobius takedai,EN,ホクリクサンショウウオ,Hynobius takedai,EN,ホクリクサンショウウオ,Hynobius takedai,EN,ホクリクサンショウウオ,Hynobius takedai,EN,ホクリクサンショウウオ,Hynobius takedai,E,0,0,1,0,―,0,1,0,0,0,0,1,0,0,0,0,0,0,0,0,0,―,1,0,0,―,0,1,0,0,0,1,0,0,0,0,0,0,0,0,1,1,1,0,0,0,0,0,0,0,0,0,0,0,―,0,0,0,0,―,0,0,0,0,0,0,0,0,0,0,0,―,0,0,0,―,0,0,0,0,0,0,0,0,0,―,0,1,1,1,0,0,0,0,0,0,0,0,0,0,0,0,0,0,0,0,1,0,0,0,1,0,0,0,0,1,0,0,0,0,0,1,1,0,0,0,0,0,0,0,0,0,0,0,0,1,0,0,0,0,―,0
AM0025,爬虫類・両生類,絶滅危惧IB類,EN,有尾目,サンショウウオ科,トウキョウサンショウウオ,Hynobius tokyoensis,A2,トウキョウサンショウウオ,Hynobius tokyoensis,VU,トウキョウサンショウウオ,Hynobius tokyoensis,VU,トウキョウサンショウウオ,Hynobius tokyoensis,VU,トウキョウサンショウウオ,Hynobius tokyoensis,VU,トウキョウサンショウウオ,Hynobius tokyoensis,VU,トウキョウサンショウウオ,Hynobius tokyoensis,VU,トウキョウサンショウウオ,Hynobius tokyoensis,VU,東京都のトウキョウサンショウウオ,Hynobius nebulosus tokyoensis,LP,東京都のトウキョウサンショウウオ個体群,Hynobius nebulosus tokyoensis,LP,0,0,1,0,―,0,1,0,0,1,1,1,0,0,0,0,0,0,1,0,0,―,1,0,0,―,0,1,0,0,1,1,0,0,0,0,0,0,0,0,1,1,1,0,0,0,0,0,0,0,0,0,0,0,―,0,0,0,0,―,0,0,0,0,0,0,0,0,0,0,0,―,0,0,0,―,0,0,0,0,0,0,0,0,0,―,0,1,0,1,0,0,0,0,1,0,0,0,0,0,0,0,0,0,1,0,1,1,0,0,0,0,0,0,0,1,0,0,0,0,0,1,0,0,0,0,0,0,0,0,0,0,1,1,0,0,0,0,1,0,―,0
AM0026,爬虫類・両生類,絶滅危惧IB類,EN,有尾目,サンショウウオ科,ツシマサンショウウオ,Hynobius tsuensis,B1ab,ツシマサンショウウオ,Hynobius tsuensis,NT,ツシマサンショウウオ,Hynobius tsuensis,NT,ツシマサンショウウオ,Hynobius tsuensis,NT,ツシマサンショウウオ,Hynobius tsuensis,NT,ツシマサンショウウオ,Hynobius tsuensis,NT,ツシマサンショウウオ,Hynobius tsuensis,NT,ツシマサンショウウオ,Hynobius tsuensis,NT,－,－,－,－,－,－,0,0,1,0,―,0,1,0,0,0,0,0,0,0,0,1,1,0,0,0,0,―,0,0,0,―,0,0,0,0,0,0,0,0,0,0,0,0,0,0,0,0,0,0,0,0,0,0,0,0,0,0,0,0,―,0,0,0,0,―,0,0,0,0,0,0,0,0,0,0,0,―,0,0,0,―,0,0,0,0,0,0,0,0,0,―,1,0,0,1,0,0,0,0,1,0,1,0,0,0,0,0,0,0,0,0,0,1,0,0,0,0,0,0,0,0,0,0,0,0,0,0,0,0,0,0,0,0,0,0,0,0,0,0,0,0,0,1,0,0,―,0
AM0027,爬虫類・両生類,絶滅危惧IB類,EN,有尾目,サンショウウオ科,ツルギサンショウウオ,Hynobius tsurugiensis,B1ab+2ab,ツルギサンショウウオ,Hynobius tsurugiensis,EN,－,－,－,－,－,－,－,－,－,－,－,－,－,－,－,－,－,－,－,－,－,－,－,－,0,1,0,0,―,0,1,0,0,0,0,0,0,0,0,1,0,0,0,0,0,―,0,0,0,―,0,0,0,0,0,0,0,0,0,0,0,0,0,0,0,0,0,0,0,0,0,0,0,0,0,0,0,0,―,0,0,0,0,―,0,0,0,0,0,0,0,0,0,0,0,―,0,0,0,―,0,0,0,0,0,0,0,0,0,―,1,0,0,0,0,0,0,0,1,0,0,0,0,0,0,0,0,0,0,0,1,1,1,0,0,0,0,0,0,1,0,1,0,1,0,0,0,0,0,0,0,0,0,0,0,0,0,0,0,1,1,1,0,0,―,0
AM0028,爬虫類・両生類,絶滅危惧IB類,EN,有尾目,サンショウウオ科,ヒバサンショウウオ,Hynobius utsunomiyaorum,B1ab,ヒバサンショウウオ,Hynobius utsunomiyaorum,VU,－,－,－,－,－,－,－,－,－,－,－,－,－,－,－,－,－,－,－,－,－,－,－,－,0,1,1,0,―,0,1,0,0,0,0,1,0,0,0,0,1,0,0,0,0,―,0,0,0,―,0,0,0,0,0,0,0,0,0,0,0,0,0,0,0,0,0,0,0,0,0,0,0,0,0,0,0,0,―,0,0,0,0,―,0,0,0,0,0,0,0,0,0,0,0,―,0,0,0,―,0,0,0,0,0,0,0,0,0,―,1,0,0,0,0,0,0,0,1,0,0,0,0,1,0,0,0,0,0,0,1,1,0,0,1,0,0,0,0,1,0,0,0,0,0,0,0,0,0,0,0,0,0,0,0,0,0,1,0,1,0,0,0,0,―,0
AM0029,爬虫類・両生類,絶滅危惧IB類,EN,有尾目,サンショウウオ科,キタサンショウウオ,Salamandrella keyserlingii,B1ab+2ab,キタサンショウウオ,Salamandrella keyserlingii,EN,キタサンショウウオ,Salamandrella keyserlingii,NT,キタサンショウウオ,Salamandrella keyserlingii,NT,キタサンショウウオ,Salamandrella keyserlingii,NT,キタサンショウウオ,Salamandrella keyserlingii,NT,キタサンショウウオ,Salamandrella keyserlingii,NT,キタサンショウウオ,Salamandrella keyserlingii,NT,キタサンショウウオ,Salamandrella keyserlingii,NT,キタサンショウウオ,Salamandrella keyserlingii,R,0,0,1,0,―,0,0,1,0,0,0,1,0,0,0,0,0,0,0,0,0,―,1,0,0,―,0,0,1,0,0,1,0,0,0,0,0,0,0,0,0,0,1,0,0,0,0,0,0,0,0,0,0,1,疎林に隣接する湧き水,0,0,0,0,―,0,0,0,0,0,0,0,0,0,0,0,―,0,0,0,―,0,0,0,0,0,0,0,0,0,―,0,1,0,1,0,0,0,0,0,0,0,0,0,1,1,1,0,0,0,0,1,1,0,0,1,0,0,0,0,0,0,1,0,0,0,0,0,0,1,0,0,0,0,0,0,0,0,1,0,0,0,0,0,0,―,0
AM0030,爬虫類・両生類,絶滅危惧IB類,EN,有尾目,イモリ科,オキナワシリケンイモリ,Cynops ensicauda popei,B1ab,－,－,－,－,－,－,－,－,－,－,－,－,－,－,－,－,－,－,－,－,－,－,－,－,－,－,－,0,0,1,0,―,0,1,0,1,1,1,0,0,0,0,0,1,1,0,0,0,―,1,0,0,―,0,1,1,1,0,1,0,0,0,0,0,0,0,0,0,0,0,1,0,0,0,0,0,0,0,0,0,0,―,0,0,0,0,―,0,0,0,0,0,0,0,0,0,0,0,―,0,0,0,―,0,0,0,0,0,0,0,0,0,―,0,1,0,1,0,0,1,0,0,0,0,0,0,0,0,0,0,0,0,0,1,1,0,0,0,0,0,0,0,1,1,0,0,0,0,0,0,0,0,0,0,0,0,0,0,0,0,0,0,0,0,0,0,0,―,0
AM0031,爬虫類・両生類,絶滅危惧IB類,EN,有尾目,イモリ科,オキナワイボイモリ,Echinotriton andersoni,B1ab,イボイモリ,Echinotriton andersoni,VU,イボイモリ,Echinotriton andersoni,VU,イボイモリ,Echinotriton andersoni,VU,イボイモリ,Echinotriton andersoni,VU,イボイモリ,Echinotriton andersoni,VU,イボイモリ,Echinotriton andersoni,VU,イボイモリ,Echinotriton andersoni,VU,イボイモリ,Echinotriton andersoni,VU,イボイモリ,Echinotriton andersoni,R,0,0,1,0,―,0,1,1,1,0,0,1,0,0,0,0,0,0,1,0,0,―,1,0,0,―,0,1,1,1,0,1,0,0,0,0,0,0,0,0,0,0,0,0,0,0,0,0,0,0,0,0,0,0,―,0,0,0,0,―,0,0,0,0,0,0,0,0,0,0,0,―,0,0,0,―,0,0,0,0,0,0,0,0,0,―,1,1,0,0,0,0,1,0,1,0,0,0,0,0,1,1,0,0,0,0,1,1,0,0,0,0,0,0,0,0,0,0,0,0,0,0,0,0,0,0,0,0,0,1,0,0,0,0,0,0,0,0,0,0,―,0
AM0032,爬虫類・両生類,絶滅危惧IB類,EN,無尾目,アカガエル科,ホルストガエル,Babina holsti,B2ab,ホルストガエル,Babina holsti,EN,ホルストガエル,Babina holsti,EN,ホルストガエル,Babina holsti,EN,ホルストガエル,Babina holsti,EN,ホルストガエル,Babina holsti,EN,ホルストガエル,Babina holsti,EN,ホルストガエル,Rana holsti,EN,ホルストガエル,Babina holsti,VU,ホルストガエル,Babina holsti,V,0,0,1,0,―,0,1,0,0,0,0,0,0,0,0,1,0,0,0,0,0,―,1,0,0,―,0,0,0,0,0,1,0,0,0,0,0,0,0,0,0,0,0,0,0,0,0,0,0,0,0,0,0,0,―,0,0,0,0,―,0,0,0,0,0,0,0,0,0,0,0,―,0,0,0,―,0,0,0,0,0,0,0,0,0,―,1,1,0,0,0,0,1,0,1,0,0,0,0,0,0,0,0,0,0,0,0,1,1,0,0,0,0,0,0,0,0,0,0,0,0,1,0,0,0,0,0,0,0,0,0,0,0,0,0,0,0,0,0,0,―,0
AM0033,爬虫類・両生類,絶滅危惧IB類,EN,無尾目,アカガエル科,オキナワイシカワガエル,Odorrana ishikawae,B2ab,オキナワイシカワガエル,Odorrana ishikawae,EN,オキナワイシカワガエル,Odorrana ishikawae,EN,オキナワイシカワガエル,Odorrana ishikawae,EN,オキナワイシカワガエル,Odorrana ishikawae,EN,オキナワイシカワガエル,Odorrana ishikawae,EN,オキナワイシカワガエル,Odorrana ishikawae,EN,イシカワガエル,Rana ishikawae,EN,イシカワガエル,Rana ishikawae,EN,イシカワガエル,Rana ishikawae,V,0,0,1,0,―,0,1,0,0,0,0,0,0,0,0,1,1,0,0,0,0,―,0,0,0,―,0,0,0,0,0,0,0,0,0,0,0,0,0,0,0,0,0,0,0,0,0,0,0,0,0,0,0,0,―,0,0,0,0,―,0,0,0,0,0,0,0,0,0,0,0,―,0,0,0,―,0,0,0,0,0,0,0,0,0,―,0,0,0,0,0,0,1,0,1,0,0,0,0,0,0,0,0,0,0,0,0,1,1,0,0,0,0,0,0,1,0,0,0,0,0,0,0,0,0,0,0,0,0,0,0,0,0,0,0,0,0,0,0,0,―,0
AM0034,爬虫類・両生類,絶滅危惧IB類,EN,無尾目,アカガエル科,アマミイシカワガエル,Odorrana splendida,B2ab,アマミイシカワガエル,Odorrana splendida,EN,アマミイシカワガエル,Odorrana splendida,EN,アマミイシカワガエル,Odorrana splendida,EN,アマミイシカワガエル,Odorrana splendida,EN,アマミイシカワガエル,Odorrana splendida,EN,アマミイシカワガエル,Odorrana splendida,EN,－,－,－,－,－,－,－,－,－,0,0,1,0,―,0,1,0,0,0,0,0,0,0,0,1,1,0,0,0,0,―,0,0,0,―,0,0,0,0,0,0,0,0,0,0,0,0,0,0,0,0,0,0,0,0,0,0,0,0,0,0,0,0,―,0,0,0,0,―,0,0,0,0,0,0,0,0,0,0,0,―,0,0,0,―,0,0,0,0,0,0,0,0,0,―,1,0,0,1,0,0,1,0,1,0,1,0,0,0,0,0,0,0,0,0,0,1,1,0,0,0,0,0,0,0,0,0,0,0,0,0,0,0,0,0,0,0,0,1,0,0,0,0,0,0,0,0,0,0,―,0
AM0035,爬虫類・両生類,絶滅危惧IB類,EN,無尾目,アカガエル科,コガタハナサキガエル,Odorrana utsunomiyaorum,B2ab,コガタハナサキガエル,Odorrana utsunomiyaorum,EN,コガタハナサキガエル,Odorrana utsunomiyaorum,EN,コガタハナサキガエル,Odorrana utsunomiyaorum,EN,コガタハナサキガエル,Odorrana utsunomiyaorum,EN,コガタハナサキガエル,Odorrana utsunomiyaorum,EN,コガタハナサキガエル,Odorrana utsunomiyaorum,EN,コガタハナサキガエル,Rana utsunomiyaorum,EN,コガタハナサキガエル,Rana utsunomiyaorum,EN,－,－,－,0,0,1,0,―,0,1,0,0,0,0,0,0,0,0,1,1,0,0,0,0,―,0,0,0,―,0,0,0,0,0,0,0,0,0,0,0,0,0,0,0,0,0,0,0,0,0,0,0,0,0,0,0,0,―,0,0,0,0,―,0,0,0,0,0,0,0,0,0,0,0,―,0,0,0,―,0,0,0,0,0,0,0,0,0,―,1,0,0,0,0,0,1,0,1,0,0,0,0,0,0,0,0,0,0,0,0,0,0,0,0,0,0,0,0,0,0,0,0,0,0,0,0,1,0,0,0,0,0,0,0,0,0,0,0,0,0,0,0,0,―,0
AM0036,爬虫類・両生類,絶滅危惧IB類,EN,無尾目,アカガエル科,ナゴヤダルマガエル,Pelophylax porosus brevipodus,B1ab,ナゴヤダルマガエル,Pelophylax porosus brevipodus,EN,ナゴヤダルマガエル,Pelophylax porosus brevipodus,EN,ナゴヤダルマガエル,Pelophylax porosus brevipodus,EN,ナゴヤダルマガエル,Pelophylax porosus brevipodus,EN,ナゴヤダルマガエル,Rana porosa brevipoda,EN,ナゴヤダルマガエル,Rana porosa brevipoda,EN,ナゴヤダルマガエル,Rana porosa brevipoda,EN,ダルマガエル,Rana porosa brevipoda,VU,ダルマガエル,Rana porosa brevipoda,R,0,0,0,0,―,0,0,0,0,0,0,0,0,0,0,0,0,0,0,0,0,―,1,0,0,―,0,0,0,1,0,1,0,0,0,0,0,0,0,1,1,1,1,0,0,0,0,0,0,0,0,0,0,0,―,0,0,0,0,―,0,0,0,0,0,0,0,0,0,0,0,―,0,0,0,―,0,0,0,0,0,0,0,0,0,―,0,1,0,1,0,0,0,0,0,0,1,0,0,0,1,0,0,0,0,0,1,1,0,0,1,0,0,0,0,1,0,0,0,0,0,1,1,0,1,0,1,0,0,0,0,0,0,0,0,0,0,0,0,0,―,0
AM0037,爬虫類・両生類,絶滅危惧IB類,EN,無尾目,アカガエル科,チョウセンヤマアカガエル,Rana uenoi,B1ab,チョウセンヤマアカガエル,Rana uenoi,NT,チョウセンヤマアカガエル,Rana uenoi,NT,チョウセンヤマアカガエル,Rana uenoi,NT,チョウセンヤマアカガエル,Rana uenoi,NT,チョウセンヤマアカガエル,Rana dybowskii,NT,チョウセンヤマアカガエル,Rana dybowskii,NT,チョウセンヤマアカガエル,Rana dybowskii,NT,－,－,－,－,－,－,0,1,1,0,―,0,1,1,0,0,0,1,0,0,0,0,1,1,0,0,0,―,1,0,0,―,0,1,1,0,0,1,0,0,0,0,1,1,0,0,1,1,0,0,0,0,0,0,0,0,0,0,0,0,―,0,0,0,0,―,0,0,0,0,0,0,0,0,0,0,0,―,0,0,0,―,0,0,0,0,0,0,0,0,0,―,1,1,0,1,0,0,1,0,1,0,1,0,0,1,1,0,0,0,0,0,1,1,0,0,0,0,0,0,0,0,0,0,0,0,0,0,0,1,0,0,0,0,0,0,0,0,0,0,0,0,0,0,0,0,―,0
AM0038,爬虫類・両生類,絶滅危惧IB類,EN,無尾目,ヌマガエル科,ナミエガエル,Limnonectes namiyei,B2ab,ナミエガエル,Limnonectes namiyei,EN,ナミエガエル,Limnonectes namiyei,EN,ナミエガエル,Limnonectes namiyei,EN,ナミエガエル,Limnonectes namiyei,EN,ナミエガエル,Limnonectes namiyei,EN,ナミエガエル,Limnonectes namiyei,EN,ナミエガエル,Limnonectes namiyei,EN,ナミエガエル,Rana namiyei,VU,ナミエガエル,Rana namiyei,R,0,0,1,0,―,0,1,0,0,0,0,0,0,0,0,1,0,0,0,0,0,―,0,0,0,―,0,0,0,0,0,0,0,0,0,0,0,0,0,0,0,0,0,0,0,0,0,0,0,0,0,0,0,0,―,0,0,0,0,―,0,0,0,0,0,0,0,0,0,0,0,―,0,0,0,―,0,0,0,0,0,0,0,0,0,―,0,0,0,0,0,0,1,0,1,0,0,0,0,0,0,0,0,0,0,0,0,1,1,0,0,0,0,0,0,0,0,0,0,0,0,1,0,0,0,0,0,0,0,0,0,0,0,0,0,0,0,0,0,0,―,0
AM0039,爬虫類・両生類,絶滅危惧II類,VU,有尾目,サンショウウオ科,オオダイガハラサンショウウオ,Hynobius boulengeri,B2ab,オオダイガハラサンショウウオ,Hynobius boulengeri,VU,オオダイガハラサンショウウオ,Hynobius boulengeri,VU,オオダイガハラサンショウウオ,Hynobius boulengeri,VU,オオダイガハラサンショウウオ,Hynobius boulengeri,VU,オオダイガハラサンショウウオ,Hynobius boulengeri,VU,オオダイガハラサンショウウオ,Hynobius boulengeri,VU,オオダイガハラサンショウウオ,Hynobius boulengeri,VU,本州・九州地域のオオダイガハラサンショウウオ,Hynobius boulengeri,LP,本州・九州地域のオオダイガハラサンショウウオ個体群,Hynobius boulengeri,LP,0,1,1,0,―,0,1,0,0,0,0,0,0,0,0,1,1,0,0,0,0,―,0,0,0,―,0,0,0,0,0,0,0,0,0,0,0,0,0,0,0,0,0,0,0,0,0,0,0,0,0,0,0,0,―,0,0,0,0,―,0,0,0,0,0,0,0,0,0,0,0,―,0,0,0,―,0,0,0,0,0,0,0,0,0,―,1,0,0,0,0,0,0,0,1,0,1,0,0,0,0,0,0,0,0,0,1,1,1,0,1,0,0,0,0,1,0,0,0,0,0,0,0,0,0,0,0,0,0,0,0,0,0,0,0,0,0,0,0,0,―,0
AM0040,爬虫類・両生類,絶滅危惧II類,VU,有尾目,サンショウウオ科,オオイタサンショウウオ,Hynobius dunni,A2 B1ab,オオイタサンショウウオ,Hynobius dunni,VU,オオイタサンショウウオ,Hynobius dunni,VU,オオイタサンショウウオ,Hynobius dunni,VU,オオイタサンショウウオ,Hynobius dunni,VU,オオイタサンショウウオ,Hynobius dunni,VU,オオイタサンショウウオ,Hynobius dunni,VU,オオイタサンショウウオ,Hynobius dunni,VU,オオイタサンショウウオ,Hynobius dunni,VU,オオイタサンショウウオ,Hynobius dunni,R,0,1,1,0,―,0,1,0,1,0,1,1,0,0,0,0,0,0,1,0,0,―,1,0,0,―,0,1,0,1,0,1,0,0,0,0,0,0,0,0,1,0,0,0,0,0,0,0,0,0,0,0,0,0,―,0,0,0,0,―,0,0,0,0,0,0,0,0,0,0,0,―,0,0,0,―,0,0,0,0,0,0,0,0,0,―,1,1,0,1,0,0,0,0,1,1,0,0,0,1,1,0,0,0,0,0,1,1,0,0,1,0,1,0,0,1,0,0,0,0,0,1,0,0,0,0,0,0,0,0,0,0,0,0,0,0,0,0,0,0,―,0
AM0041,爬虫類・両生類,絶滅危惧II類,VU,有尾目,サンショウウオ科,ヒガシヒダサンショウウオ,Hynobius fossigenus,B1ab+2ab,ヒガシヒダサンショウウオ,Hynobius fossigenus,VU,－,－,－,－,－,－,－,－,－,－,－,－,－,－,－,－,－,－,－,－,－,－,－,－,0,1,1,0,―,0,1,0,0,0,0,0,0,0,0,1,1,0,0,0,0,―,0,0,0,―,0,0,0,0,0,0,0,0,0,0,0,0,0,0,0,0,0,0,0,0,0,0,0,0,0,0,0,0,―,0,0,0,0,―,0,0,0,0,0,0,0,0,0,0,0,―,0,0,0,―,0,0,0,0,0,0,0,0,0,―,1,0,0,0,0,0,0,0,1,0,0,0,0,0,0,0,0,0,0,0,0,1,1,0,1,0,1,0,0,1,0,0,0,0,0,0,0,0,0,0,0,0,0,0,0,0,0,0,0,1,0,0,0,0,―,0
AM0042,爬虫類・両生類,絶滅危惧II類,VU,有尾目,サンショウウオ科,マホロバサンショウウオ,Hynobius guttatus,B1ab,マホロバサンショウウオ,Hynobius guttatus,VU,コガタブチサンショウウオ,Hynobius stejnegeri,NT,コガタブチサンショウウオ,Hynobius stejnegeri,NT,コガタブチサンショウウオ,Hynobius yatsui,NT,コガタブチサンショウウオ,Hynobius yatsui,NT,コガタブチサンショウウオ,Hynobius yatsui,NT,－,－,－,－,－,－,－,－,－,0,1,1,0,―,0,1,0,0,0,0,0,0,0,0,1,0,0,0,0,0,―,1,0,0,―,0,1,0,0,0,0,0,0,0,0,0,0,0,0,0,0,0,0,0,0,0,0,0,0,0,0,0,0,―,0,0,0,0,―,0,0,0,0,0,0,0,0,0,0,0,―,0,0,0,―,0,0,0,0,0,0,0,0,0,―,1,1,0,0,1,0,0,0,1,0,0,0,0,0,0,0,0,0,0,0,1,1,1,0,0,0,0,0,0,1,0,0,0,0,0,0,0,0,0,0,0,0,0,0,0,0,0,0,0,1,1,0,0,0,―,0
AM0043,爬虫類・両生類,絶滅危惧II類,VU,有尾目,サンショウウオ科,イシヅチサンショウウオ,Hynobius hirosei,B1ab,イシヅチサンショウウオ,Hynobius hirosei,NT,イシヅチサンショウウオ,Hynobius hirosei,NT,イシヅチサンショウウオ,Hynobius hirosei,NT,イシヅチサンショウウオ,Hynobius hirosei,NT,イシヅチサンショウウオ,Hynobius hirosei,NT,イシヅチサンショウウオ,Hynobius hirosei,NT,－,－,－,－,－,－,－,－,－,0,1,1,0,―,0,1,0,0,0,0,0,0,0,0,1,1,0,0,0,0,―,1,0,0,―,0,1,0,0,0,0,0,0,0,0,0,0,0,0,0,0,0,0,0,0,0,0,0,0,0,0,0,0,―,0,0,0,0,―,0,0,0,0,0,0,0,0,0,0,0,―,0,0,0,―,0,0,0,0,0,0,0,0,0,―,1,0,0,0,0,0,0,0,1,0,0,0,0,0,0,0,0,0,0,0,1,1,1,0,1,0,0,0,0,1,0,0,0,0,0,0,0,0,0,0,0,0,0,0,0,0,0,1,0,1,0,0,0,0,―,0
AM0044,爬虫類・両生類,絶滅危惧II類,VU,有尾目,サンショウウオ科,ベッコウサンショウウオ,Hynobius ikioi,B1ab,ベッコウサンショウウオ,Hynobius ikioi,VU,ベッコウサンショウウオ,Hynobius ikioi,VU,ベッコウサンショウウオ,Hynobius ikioi,VU,ベッコウサンショウウオ,Hynobius stejnegeri,VU,ベッコウサンショウウオ,Hynobius stejnegeri,VU,ベッコウサンショウウオ,Hynobius stejnegeri,VU,ベッコウサンショウウオ,Hynobius stejnegeri,VU,ベッコウサンショウウオ,Hynobius stejnegeri,NT,ベッコウサンショウウオ,Hynobius stejnegeri,R,0,1,0,0,―,0,1,0,0,0,0,0,0,0,0,1,1,0,0,0,0,―,0,0,0,―,0,0,0,0,0,0,0,0,0,0,0,0,0,0,0,0,0,0,0,0,0,0,0,0,0,0,0,0,―,0,0,0,0,―,0,0,0,0,0,0,0,0,0,0,0,―,0,0,0,―,0,0,0,0,0,0,0,0,0,―,1,0,0,1,0,0,0,0,1,0,0,0,0,0,0,0,0,0,0,0,0,1,0,0,0,0,0,0,0,1,0,0,0,0,0,0,0,0,0,0,0,0,0,0,0,0,0,0,0,0,0,0,0,0,―,0
AM0045,爬虫類・両生類,絶滅危惧II類,VU,有尾目,サンショウウオ科,カスミサンショウウオ,Hynobius nebulosus,A2 B1ab,カスミサンショウウオ,Hynobius nebulosus,VU,カスミサンショウウオ,Hynobius nebulosus,VU,カスミサンショウウオ,Hynobius nebulosus,VU,カスミサンショウウオ,Hynobius nebulosus,VU,カスミサンショウウオ,Hynobius nebulosus,VU,カスミサンショウウオ,Hynobius nebulosus,VU,カスミサンショウウオ,Hynobius nebulosus,VU,－,－,－,－,－,－,0,1,1,0,―,0,1,0,1,1,1,1,0,0,0,0,1,0,0,0,0,―,1,0,0,―,0,1,0,1,0,1,0,0,0,0,0,0,0,0,1,0,0,0,0,0,0,0,0,0,0,0,0,0,―,0,0,0,0,―,0,0,0,0,0,0,0,0,0,0,0,―,0,0,0,―,0,0,0,0,0,0,0,0,0,―,0,1,0,1,0,0,0,0,1,0,0,0,0,1,1,0,0,0,0,0,1,1,0,0,1,0,1,0,0,1,0,0,0,0,0,1,0,0,0,0,0,0,0,0,0,0,1,1,0,0,0,0,0,0,―,0
AM0046,爬虫類・両生類,絶滅危惧II類,VU,有尾目,サンショウウオ科,オキサンショウウオ,Hynobius okiensis,D1,オキサンショウウオ,Hynobius okiensis,VU,オキサンショウウオ,Hynobius okiensis,VU,オキサンショウウオ,Hynobius okiensis,VU,オキサンショウウオ,Hynobius okiensis,VU,オキサンショウウオ,Hynobius okiensis,VU,オキサンショウウオ,Hynobius okiensis,VU,オキサンショウウオ,Hynobius okiensis,VU,オキサンショウウオ,Hynobius okiensis,VU,オキサンショウウオ,Hynobius okiensis,R,0,0,1,0,―,0,1,0,0,0,0,0,0,0,0,1,1,0,0,0,0,―,1,0,0,―,0,0,0,0,0,0,0,0,0,0,0,0,0,0,0,0,0,0,0,0,0,0,0,0,0,0,0,0,―,0,0,0,0,―,0,0,0,0,0,0,0,0,0,0,0,―,0,0,0,―,0,0,0,0,0,0,0,0,0,―,1,1,0,1,0,0,1,0,1,0,1,0,0,0,0,0,0,0,0,0,0,1,0,0,1,0,0,0,0,1,0,0,0,0,0,0,0,0,0,0,0,0,0,0,0,0,0,0,0,0,0,1,0,0,―,0
AM0047,爬虫類・両生類,絶滅危惧II類,VU,有尾目,サンショウウオ科,チクシブチサンショウウオ,Hynobius oyamai,B1ab,チクシブチサンショウウオ,Hynobius oyamai,VU,－,－,－,－,－,－,－,－,－,－,－,－,－,－,－,－,－,－,－,－,－,－,－,－,0,1,0,0,―,0,1,0,0,0,0,1,0,0,0,1,1,0,0,0,0,―,0,0,0,―,0,0,0,0,0,0,0,0,0,0,0,0,0,0,0,0,0,0,0,0,0,0,0,0,0,0,0,0,―,0,0,0,0,―,0,0,0,0,0,0,0,0,0,0,0,―,0,0,0,―,0,0,0,0,0,0,0,0,0,―,1,1,0,0,0,0,0,0,1,0,0,0,0,0,0,0,0,0,0,0,0,1,1,0,0,0,0,0,0,1,0,0,0,0,0,0,0,0,0,0,0,0,0,0,0,0,0,0,0,0,0,0,0,0,―,0
AM0048,爬虫類・両生類,絶滅危惧II類,VU,有尾目,サンショウウオ科,チュウゴクブチサンショウウオ,Hynobius sematonotos,B1ab,チュウゴクブチサンショウウオ,Hynobius sematonotos,VU,－,－,－,－,－,－,－,－,－,－,－,－,－,－,－,－,－,－,－,－,－,－,－,－,0,1,1,0,―,0,1,0,0,0,0,0,0,0,0,1,1,0,0,0,0,―,0,0,0,―,0,0,0,0,0,0,0,0,0,0,0,0,0,0,0,0,0,0,0,0,0,0,0,0,0,0,0,0,―,0,0,0,0,―,0,0,0,0,0,0,0,0,0,0,0,―,0,0,0,―,0,0,0,0,0,0,0,0,0,―,1,0,0,0,0,0,0,0,1,0,0,0,0,0,0,0,0,0,0,0,0,1,1,0,0,0,0,0,0,1,0,0,0,0,0,0,1,0,0,0,0,0,0,0,0,0,0,0,0,0,0,0,0,0,―,0
AM0049,爬虫類・両生類,絶滅危惧II類,VU,有尾目,サンショウウオ科,セトウチサンショウウオ,Hynobius setouchi,B1ab,セトウチサンショウウオ,Hynobius setouchi,VU,－,－,－,－,－,－,－,－,－,－,－,－,－,－,－,－,－,－,－,－,－,－,－,－,0,0,1,0,―,0,1,1,1,1,1,1,0,0,0,0,0,0,1,0,0,―,1,0,0,―,0,1,1,1,1,1,0,0,0,0,0,0,0,0,1,0,1,0,0,0,0,0,0,0,0,0,0,0,―,0,0,0,0,―,0,0,0,0,0,0,0,0,0,0,0,―,0,0,0,―,0,0,0,0,0,0,0,0,0,―,0,1,0,1,0,0,1,0,1,0,0,0,0,1,1,1,0,0,0,0,1,1,0,1,1,0,1,0,0,1,0,0,0,0,0,1,0,0,0,0,0,0,0,1,0,0,1,1,0,0,0,0,1,0,―,0
AM0050,爬虫類・両生類,絶滅危惧II類,VU,有尾目,サンショウウオ科,コガタブチサンショウウオ,Hynobius stejnegeri,B1ab,コガタブチサンショウウオ,Hynobius stejnegeri,VU,コガタブチサンショウウオ,Hynobius stejnegeri,NT,コガタブチサンショウウオ,Hynobius stejnegeri,NT,コガタブチサンショウウオ,Hynobius yatsui,NT,コガタブチサンショウウオ,Hynobius yatsui,NT,コガタブチサンショウウオ,Hynobius yatsui,NT,ブチサンショウウオ,Hynobius naevius,NT,－,－,－,－,－,－,0,1,1,0,―,0,1,0,0,0,0,0,0,0,0,1,0,0,0,0,0,―,0,0,0,―,0,0,0,0,0,0,0,0,0,0,0,0,0,0,0,0,0,0,0,0,0,0,0,0,0,0,0,0,―,0,0,0,0,―,0,0,0,0,0,0,0,0,0,0,0,―,0,0,0,―,0,0,0,0,0,0,0,0,0,―,1,0,0,0,0,0,0,0,1,0,0,0,0,0,0,0,0,0,0,0,0,1,1,0,0,0,0,0,0,1,0,0,0,0,0,0,0,0,0,0,0,0,0,0,0,0,0,0,0,0,0,0,0,0,―,0
AM0051,爬虫類・両生類,絶滅危惧II類,VU,有尾目,サンショウウオ科,ヤマトサンショウウオ,Hynobius vandenburghi,B1ab,ヤマトサンショウウオ,Hynobius vandenburghi,VU,－,－,－,－,－,－,－,－,－,－,－,－,－,－,－,－,－,－,－,－,－,－,－,－,0,0,1,0,―,0,1,0,1,1,1,1,0,0,0,0,0,0,1,0,0,―,1,0,0,―,0,1,0,1,1,1,0,0,0,0,0,0,0,0,0,0,1,0,0,0,0,0,0,0,0,0,0,0,―,0,0,0,0,―,0,0,0,0,0,0,0,0,0,0,0,―,0,0,0,―,0,0,0,0,0,0,0,0,0,―,0,1,1,0,1,0,0,0,1,0,0,0,0,1,1,1,0,0,0,0,1,1,0,1,1,0,0,0,0,1,0,0,0,0,0,1,0,0,0,0,0,0,0,0,0,0,1,1,0,1,1,0,0,0,―,0
AM0052,爬虫類・両生類,絶滅危惧II類,VU,有尾目,サンショウウオ科,シコクハコネサンショウウオ,Onychodactylus kinneburi,B2ab,シコクハコネサンショウウオ,Onychodactylus kinneburi,VU,シコクハコネサンショウウオ,Onychodactylus kinneburi,VU,シコクハコネサンショウウオ,Onychodactylus kinneburi,VU,シコクハコネサンショウウオ,Onychodactylus kinneburi,VU,－,－,－,－,－,－,－,－,－,－,－,－,－,－,－,0,1,0,0,―,1,1,1,0,0,0,0,0,0,0,1,0,0,0,0,0,―,1,0,0,―,0,1,0,0,0,0,0,0,0,0,0,0,0,0,0,0,0,0,0,0,0,0,0,0,0,0,0,0,―,0,0,0,0,―,0,0,0,0,0,0,0,0,0,0,0,―,0,0,0,―,0,0,0,0,0,0,0,0,0,―,1,0,0,0,0,0,0,0,1,0,1,0,0,0,0,0,0,0,0,0,1,1,1,0,0,0,0,0,0,0,0,0,0,0,0,1,0,0,0,0,0,0,0,0,0,0,0,0,0,0,0,0,0,0,―,0
AM0053,爬虫類・両生類,絶滅危惧II類,VU,有尾目,サンショウウオ科,ホムラハコネサンショウウオ,Onychodactylus pyrrhonotus,B1ab,－,－,－,－,－,－,－,－,－,－,－,－,－,－,－,－,－,－,－,－,－,－,－,－,－,－,－,0,1,1,0,―,0,1,1,0,0,0,0,0,0,1,1,1,0,0,0,0,―,0,0,0,―,0,0,0,0,0,0,0,0,0,0,0,0,0,0,0,0,0,0,0,0,0,0,0,0,0,0,0,0,―,0,0,0,0,―,0,0,0,0,0,0,0,0,0,0,0,―,0,0,0,―,0,0,0,0,0,0,0,0,0,―,1,0,0,0,0,0,0,0,1,0,1,0,0,0,0,0,0,0,0,0,0,1,1,0,0,0,0,0,0,0,0,0,0,0,0,0,1,0,0,0,0,0,0,0,0,0,0,0,0,0,0,0,0,0,―,0
AM0054,爬虫類・両生類,絶滅危惧II類,VU,有尾目,オオサンショウウオ科,オオサンショウウオ,Andrias japonicus,B2ab,オオサンショウウオ,Andrias japonicus,VU,オオサンショウウオ,Andrias japonicus,VU,オオサンショウウオ,Andrias japonicus,VU,オオサンショウウオ,Andrias japonicus,VU,オオサンショウウオ,Andrias japonicus,VU,オオサンショウウオ,Andrias japonicus,VU,オオサンショウウオ,Andrias japonicus,VU,オオサンショウウオ,Andrias japonicus,NT,オオサンショウウオ,Megalobatrachus japonicus,R,0,1,0,0,―,0,1,0,0,0,0,0,0,0,0,1,1,1,0,1,0,―,1,0,0,―,0,0,0,0,0,0,0,0,0,0,1,1,0,0,1,1,0,0,0,0,0,0,0,0,0,0,0,0,―,0,0,0,0,―,0,0,0,0,0,0,0,0,0,0,0,―,0,0,0,―,0,0,0,0,0,0,0,0,0,―,0,1,0,1,0,0,0,0,0,0,1,0,0,0,0,0,0,0,0,0,0,0,1,0,0,0,0,0,0,1,0,0,0,0,0,0,0,1,0,1,0,0,0,0,0,0,0,0,0,0,0,0,0,0,―,0
AM0055,爬虫類・両生類,絶滅危惧II類,VU,有尾目,イモリ科,アマミイボイモリ,Echinotriton raffaellii,B2ab,－,－,－,－,－,－,－,－,－,－,－,－,－,－,－,－,－,－,－,－,－,－,－,－,－,－,－,0,0,1,0,―,0,1,1,1,0,0,1,0,0,0,0,0,0,1,0,0,―,1,0,0,―,0,1,1,1,0,1,0,0,0,0,0,0,0,0,0,0,0,0,0,0,0,0,0,0,0,0,0,0,―,0,0,0,0,―,0,0,0,0,0,0,0,0,0,0,0,―,0,0,0,―,0,0,0,0,0,0,0,0,0,―,1,1,0,0,0,0,1,0,1,0,0,0,0,0,0,0,0,0,0,0,0,1,1,0,0,0,0,0,0,0,0,0,0,0,0,0,0,0,0,0,0,0,0,1,0,0,0,0,0,0,0,0,0,0,―,0
AM0056,爬虫類・両生類,絶滅危惧II類,VU,無尾目,アカガエル科,オットンガエル,Babina subaspera,B2ab,オットンガエル,Babina subaspera,EN,オットンガエル,Babina subaspera,EN,オットンガエル,Babina subaspera,EN,オットンガエル,Babina subaspera,EN,オットンガエル,Babina subaspera,EN,オットンガエル,Babina subaspera,EN,オットンガエル,Rana subaspera,EN,オットンガエル,Babina subaspera,VU,オットンガエル,Babina subaspera,V,0,0,1,0,―,0,1,0,0,0,0,0,0,0,0,1,1,0,0,0,0,―,1,0,0,―,0,1,0,0,0,1,0,0,0,0,0,0,0,0,0,0,0,0,0,0,0,0,0,0,0,0,0,0,―,0,0,0,0,―,0,0,0,0,0,0,0,0,0,0,0,―,0,0,0,―,0,0,0,0,0,0,0,0,0,―,1,1,0,1,0,0,1,0,1,0,1,0,0,0,0,0,0,0,0,0,0,1,0,0,0,0,0,0,0,0,0,0,0,0,0,0,0,0,0,0,0,0,0,0,0,0,0,0,0,0,0,0,0,0,―,0
AM0057,爬虫類・両生類,絶滅危惧II類,VU,無尾目,アカガエル科,ヤエヤマハラブチガエル,Nidirana okinavana,D2,ヤエヤマハラブチガエル,Nidirana okinavana,VU,ヤエヤマハラブチガエル,Nidirana okinavana,VU,ヤエヤマハラブチガエル,Nidirana okinavana,VU,ヤエヤマハラブチガエル,Nidirana okinavana,VU,ヤエヤマハラブチガエル,Rana okinavana,VU,ヤエヤマハラブチガエル,Rana okinavana,VU,ヤエヤマハラブチガエル,Rana psaltes,VU,－,－,－,－,－,－,0,0,0,0,―,0,0,0,0,0,0,0,0,0,0,0,0,0,0,0,0,―,1,0,0,―,0,0,0,0,0,0,0,0,0,0,0,0,1,1,0,1,0,0,0,0,0,0,0,0,0,0,0,0,―,0,0,0,0,―,0,0,0,0,0,0,0,0,0,0,0,―,0,0,0,―,0,0,0,0,0,0,0,0,0,―,1,0,0,1,0,0,1,0,1,0,0,0,0,1,0,1,0,0,0,0,1,1,0,0,0,0,0,0,0,0,0,0,0,0,0,0,0,0,0,0,0,0,0,0,0,0,0,1,0,1,0,0,0,0,―,0
AM0058,爬虫類・両生類,絶滅危惧II類,VU,無尾目,アカガエル科,アマミハナサキガエル,Odorrana amamiensis,D2,アマミハナサキガエル,Odorrana amamiensis,VU,アマミハナサキガエル,Odorrana amamiensis,VU,アマミハナサキガエル,Odorrana amamiensis,VU,アマミハナサキガエル,Odorrana amamiensis,VU,アマミハナサキガエル,Odorrana amamiensis,VU,アマミハナサキガエル,Odorrana amamiensis,VU,アマミハナサキガエル,Rana amamiensis,VU,アマミハナサキガエル,Rana amamiensis,VU,－,－,－,0,0,1,0,―,0,1,0,0,0,0,0,0,0,0,1,0,0,0,0,0,―,1,0,0,―,0,1,0,0,0,0,0,0,0,0,0,0,0,0,0,1,0,0,0,0,0,0,0,0,0,0,0,0,―,0,0,0,0,―,0,0,0,0,0,0,0,0,0,0,0,―,0,0,0,―,0,0,0,0,0,0,0,0,0,―,0,0,0,0,0,0,1,0,1,0,1,0,0,0,0,0,0,0,0,0,0,1,0,0,0,0,0,0,0,0,0,0,0,0,0,0,0,0,0,0,0,0,0,0,0,0,0,0,0,0,0,0,0,0,―,0
AM0059,爬虫類・両生類,絶滅危惧II類,VU,無尾目,アカガエル科,ハナサキガエル,Odorrana narina,D2,ハナサキガエル,Odorrana narina,VU,ハナサキガエル,Odorrana narina,VU,ハナサキガエル,Odorrana narina,VU,ハナサキガエル,Odorrana narina,VU,ハナサキガエル,Odorrana narina,VU,ハナサキガエル,Odorrana narina,VU,ハナサキガエル,Rana narina,VU,ハナサキガエル,Rana narina,VU,－,－,－,0,0,1,0,―,0,1,0,0,0,0,0,0,0,0,1,1,0,0,0,0,―,1,0,0,―,0,0,0,0,0,0,0,0,0,0,0,0,0,0,0,1,0,0,0,0,0,0,0,0,0,0,0,0,―,0,0,0,0,―,0,0,0,0,0,0,0,0,0,0,0,―,0,0,0,―,0,0,0,0,0,0,0,0,0,―,0,0,0,0,0,0,1,0,1,0,0,0,0,0,0,0,0,0,0,0,1,1,1,0,0,0,0,0,0,0,0,0,0,0,0,1,0,0,0,0,0,0,0,0,0,0,0,0,0,0,0,0,0,0,―,0
AM0060,爬虫類・両生類,絶滅危惧II類,VU,無尾目,アカガエル科,リュウキュウアカガエル,Rana ulma,D2,リュウキュウアカガエル,Rana ulma,NT,リュウキュウアカガエル,Rana ulma,NT,リュウキュウアカガエル,Rana ulma,NT,リュウキュウアカガエル,Rana ulma,NT,リュウキュウアカガエル,Rana ulma,NT,リュウキュウアカガエル,Rana ulma,NT,リュウキュウアカガエル,Rana okinavana,NT,－,－,－,－,－,－,0,0,1,0,―,0,1,0,0,0,0,0,0,0,0,1,1,0,0,0,0,―,0,0,0,―,0,0,0,0,0,0,0,0,0,0,0,0,0,0,0,0,0,0,0,0,0,0,0,0,0,0,0,0,―,0,0,0,0,―,0,0,0,0,0,0,0,0,0,0,0,―,0,0,0,―,0,0,0,0,0,0,0,0,0,―,1,0,0,1,0,0,1,0,1,0,0,0,0,0,1,0,0,0,0,0,0,0,1,0,0,0,0,0,0,0,0,0,0,0,0,1,0,0,0,0,0,0,0,0,0,0,0,0,0,0,0,1,0,0,―,0
AM0061,爬虫類・両生類,準絶滅危惧,NT,有尾目,サンショウウオ科,ヒダサンショウウオ,Hynobius kimurae,②③,ヒダサンショウウオ,Hynobius kimurae,NT,ヒダサンショウウオ,Hynobius kimurae,NT,ヒダサンショウウオ,Hynobius kimurae,NT,ヒダサンショウウオ,Hynobius kimurae,NT,ヒダサンショウウオ,Hynobius kimurae,NT,ヒダサンショウウオ,Hynobius kimurae,NT,ヒダサンショウウオ,Hynobius kimurae,NT,－,－,－,－,－,－,0,1,1,0,―,0,1,0,0,0,0,0,0,0,0,1,1,0,0,0,0,―,0,0,0,―,0,0,0,0,0,0,0,0,0,0,0,0,0,0,0,0,0,0,0,0,0,0,0,0,0,0,0,0,―,0,0,0,0,―,0,0,0,0,0,0,0,0,0,0,0,―,0,0,0,―,0,0,0,0,0,0,0,0,0,―,1,1,0,0,0,0,0,0,1,0,0,0,0,0,0,0,0,0,0,1,1,1,1,0,1,0,0,0,0,1,0,0,0,1,0,0,1,1,0,0,0,0,0,1,0,0,0,0,0,1,1,0,0,0,―,0
AM0062,爬虫類・両生類,準絶滅危惧,NT,有尾目,サンショウウオ科,トウホクサンショウウオ,Hynobius lichenatus,②③,トウホクサンショウウオ,Hynobius lichenatus,NT,トウホクサンショウウオ,Hynobius lichenatus,NT,トウホクサンショウウオ,Hynobius lichenatus,NT,トウホクサンショウウオ,Hynobius lichenatus,NT,トウホクサンショウウオ,Hynobius lichenatus,NT,トウホクサンショウウオ,Hynobius lichenatus,NT,トウホクサンショウウオ,Hynobius lichenatus,NT,－,－,－,－,－,－,0,1,1,0,―,0,1,1,0,0,1,1,0,0,0,0,1,0,1,0,0,―,1,0,0,―,0,1,1,0,0,1,0,0,1,0,0,0,0,0,0,0,0,0,0,0,0,0,0,0,0,0,0,0,―,0,0,0,0,―,0,0,0,0,0,0,0,0,0,0,0,―,0,0,0,―,0,0,0,0,0,0,0,0,0,―,1,1,0,1,0,0,0,0,1,0,1,0,0,0,0,0,0,0,0,0,0,1,0,0,0,0,0,1,0,1,0,0,0,0,0,1,0,0,0,0,0,0,0,0,0,0,0,1,0,0,0,0,0,0,―,0
AM0063,爬虫類・両生類,準絶滅危惧,NT,有尾目,サンショウウオ科,クロサンショウウオ,Hynobius nigrescens,①②,クロサンショウウオ,Hynobius nigrescens,NT,クロサンショウウオ,Hynobius nigrescens,NT,クロサンショウウオ,Hynobius nigrescens,NT,クロサンショウウオ,Hynobius nigrescens,NT,クロサンショウウオ,Hynobius nigrescens,NT,クロサンショウウオ,Hynobius nigrescens,NT,クロサンショウウオ,Hynobius nigrescens,NT,－,－,－,－,－,－,1,1,1,0,―,0,1,0,1,1,1,1,0,0,0,0,0,0,1,0,0,―,1,1,0,―,0,1,0,1,1,1,0,0,0,0,0,0,0,0,0,0,1,0,0,0,0,0,0,0,0,0,0,0,―,0,0,0,0,―,0,0,0,0,0,0,0,0,0,0,0,―,0,0,0,―,0,0,0,0,0,0,0,0,0,―,1,1,0,0,0,0,0,0,1,0,0,0,0,0,1,0,0,0,1,0,1,1,0,0,0,0,1,0,0,1,0,0,0,0,0,1,0,0,0,0,0,0,0,0,0,0,0,0,0,0,0,0,0,0,―,0
AM0064,爬虫類・両生類,準絶滅危惧,NT,有尾目,サンショウウオ科,タダミハコネサンショウウオ,Onychodactylus fuscus,②,タダミハコネサンショウウオ,Onychodactylus fuscus,NT,タダミハコネサンショウウオ,Onychodactylus fuscus,NT,タダミハコネサンショウウオ,Onychodactylus fuscus,NT,タダミハコネサンショウウオ,Onychodactylus fuscus,NT,－,－,－,－,－,－,－,－,－,－,－,－,－,－,－,0,1,0,0,―,1,1,0,0,0,0,1,0,1,0,1,0,0,0,0,0,―,1,0,0,―,0,1,0,0,0,0,0,0,0,0,0,0,0,0,0,0,0,0,0,0,0,0,0,0,0,0,0,0,―,0,0,0,0,―,0,0,0,0,0,0,0,0,0,0,0,―,0,0,0,―,0,0,0,0,0,0,0,0,0,―,1,0,0,1,0,0,0,0,1,0,1,0,0,0,0,0,0,0,0,0,0,1,1,0,0,0,0,0,0,0,0,0,0,0,0,0,0,0,0,0,0,0,0,0,0,0,0,0,0,0,0,0,0,0,―,0
AM0065,爬虫類・両生類,準絶滅危惧,NT,有尾目,サンショウウオ科,バンダイハコネサンショウウオ,Onychodactylus intermedius,①②,バンダイハコネサンショウウオ,Onychodactylus intermedius,NT,バンダイハコネサンショウウオ,Onychodactylus intermedius,NT,バンダイハコネサンショウウオ,Onychodactylus intermedius,NT,バンダイハコネサンショウウオ,Onychodactylus intermedius,NT,－,－,－,－,－,－,－,－,－,－,－,－,－,－,－,0,1,1,0,―,0,1,1,0,0,0,1,0,0,1,1,1,0,0,0,0,―,0,0,0,―,0,0,0,0,0,0,0,0,0,0,0,0,0,0,0,0,0,0,0,0,0,0,0,0,0,0,0,0,―,0,0,0,0,―,0,0,0,0,0,0,0,0,0,0,0,―,0,0,0,―,0,0,0,0,0,0,0,0,0,―,1,1,0,1,0,0,0,0,1,0,1,0,0,0,0,0,0,0,0,0,0,1,1,1,0,0,0,0,0,0,0,0,0,0,0,0,0,0,0,0,0,0,0,0,0,0,0,0,0,0,0,0,0,0,―,0
AM0066,爬虫類・両生類,準絶滅危惧,NT,有尾目,イモリ科,アマミシリケンイモリ,Cynops ensicauda ensicauda,②③,シリケンイモリ,Cynops ensicauda,NT,シリケンイモリ,Cynops ensicauda,NT,シリケンイモリ,Cynops ensicauda,NT,シリケンイモリ,Cynops ensicauda,NT,シリケンイモリ,Cynops ensicauda,NT,シリケンイモリ,Cynops ensicauda,NT,シリケンイモリ,Cynops ensicauda,NT,シリケンイモリ,Cynops ensicauda,NT,－,－,－,0,0,1,0,―,0,1,1,1,1,1,1,0,0,0,1,1,1,0,1,0,―,1,0,0,―,0,1,0,0,0,0,0,0,0,0,1,0,1,0,0,0,0,0,0,0,0,0,0,0,0,0,0,0,―,0,0,0,0,―,0,0,0,0,0,0,0,0,0,0,0,―,0,0,0,―,0,0,0,0,0,0,0,0,0,―,0,1,0,1,0,0,1,0,0,0,0,0,0,0,0,0,0,0,0,0,1,1,0,0,0,0,0,0,0,1,0,0,0,0,0,0,0,0,0,0,0,0,0,0,0,0,0,0,0,0,0,0,0,0,―,0
AM0067,爬虫類・両生類,準絶滅危惧,NT,有尾目,イモリ科,アカハライモリ,Cynops pyrrhogaster,①②③,アカハライモリ,Cynops pyrrhogaster,NT,アカハライモリ,Cynops pyrrhogaster,NT,アカハライモリ,Cynops pyrrhogaster,NT,アカハライモリ,Cynops pyrrhogaster,NT,アカハライモリ,Cynops pyrrhogaster,NT,アカハライモリ,Cynops pyrrhogaster,NT,アカハライモリ,Cynops pyrrhogaster,NT,－,－,－,－,－,－,0,1,1,0,―,0,1,0,1,1,1,1,0,0,0,0,0,1,1,1,0,―,1,0,0,―,1,1,1,0,0,0,0,0,0,0,0,0,1,1,1,0,0,0,0,0,0,0,0,0,0,0,0,0,―,0,0,0,0,―,0,0,0,0,0,0,0,0,0,0,0,―,0,0,0,―,0,0,0,0,0,0,0,0,0,―,0,1,0,1,0,0,0,0,0,1,1,0,0,1,1,1,0,0,0,0,1,0,0,0,1,0,1,0,0,1,0,0,0,0,0,0,0,0,0,0,0,0,0,1,0,0,0,0,0,0,0,0,0,0,―,0
AM0068,爬虫類・両生類,準絶滅危惧,NT,無尾目,アカガエル科,ムカシツチガエル,Glandirana reliquia,①②,－,－,－,－,－,－,－,－,－,－,－,－,－,－,－,－,－,－,－,－,－,－,－,－,－,－,－,0,1,1,0,―,0,0,0,1,1,1,1,0,0,0,0,1,1,1,1,0,―,1,0,0,―,0,0,0,1,1,1,0,0,1,0,1,0,0,0,1,0,1,0,0,0,0,0,0,0,0,0,0,0,―,0,0,0,0,―,0,0,0,0,0,0,0,0,0,0,0,―,0,0,0,―,0,0,0,0,0,0,0,0,0,―,1,1,0,1,0,0,0,0,0,1,1,0,0,1,1,0,0,0,0,0,0,0,0,0,0,0,0,0,0,0,0,0,0,0,0,1,0,0,0,0,0,0,0,0,0,0,0,0,0,0,0,0,0,0,―,0
AM0069,爬虫類・両生類,準絶滅危惧,NT,無尾目,アカガエル科,オオハナサキガエル,Odorrana supranarina,②,オオハナサキガエル,Odorrana supranarina,NT,オオハナサキガエル,Odorrana supranarina,NT,オオハナサキガエル,Odorrana supranarina,NT,オオハナサキガエル,Odorrana supranarina,NT,オオハナサキガエル,Odorrana supranarina,NT,オオハナサキガエル,Odorrana supranarina,NT,オオハナサキガエル,Rana supranarina,NT,オオハナサキガエル,Rana supranarina,NT,－,－,－,0,0,1,0,―,0,1,0,0,0,0,0,0,0,0,1,1,1,0,0,0,―,0,0,0,―,0,0,0,0,0,0,0,0,0,0,0,0,0,0,0,0,0,0,0,0,0,0,0,0,0,0,0,0,―,0,0,0,0,―,0,0,0,0,0,0,0,0,0,0,0,―,0,0,0,―,0,0,0,0,0,0,0,0,0,―,1,0,0,1,0,0,1,0,1,0,0,0,0,0,0,0,0,0,0,0,1,0,0,0,0,0,0,0,0,0,0,0,0,0,0,0,0,0,0,0,0,0,0,0,0,0,0,0,0,0,0,0,0,0,―,0
AM0070,爬虫類・両生類,準絶滅危惧,NT,無尾目,アカガエル科,トノサマガエル,Pelophylax nigromaculatus,①②,トノサマガエル,Pelophylax nigromaculatus,NT,トノサマガエル,Pelophylax nigromaculatus,NT,トノサマガエル,Pelophylax nigromaculatus,NT,トノサマガエル,Pelophylax nigromaculatus,NT,トノサマガエル,Rana nigromaculata,NT,トノサマガエル,Rana nigromaculata,NT,－,－,－,－,－,－,－,－,－,0,0,1,0,―,0,0,0,1,0,0,1,0,0,0,0,0,0,1,0,0,―,1,0,0,―,0,0,0,1,0,1,0,0,0,0,0,0,0,0,1,1,1,0,0,0,0,0,0,0,0,0,0,0,―,0,0,0,0,―,0,0,0,0,0,0,0,0,0,0,0,―,0,0,0,―,0,0,0,0,0,0,0,0,0,―,0,1,0,1,0,0,0,0,0,0,0,0,0,0,1,0,0,0,0,0,1,0,0,0,0,0,1,0,0,0,0,0,0,0,0,0,0,0,0,0,0,0,0,0,0,0,1,0,0,0,0,0,0,1,水田の中干し,0
AM0071,爬虫類・両生類,準絶滅危惧,NT,無尾目,アカガエル科,トウキョウダルマガエル,Pelophylax porosus porosus,①②,トウキョウダルマガエル,Pelophylax porosus porosus,NT,トウキョウダルマガエル,Pelophylax porosus porosus,NT,トウキョウダルマガエル,Pelophylax porosus porosus,NT,トウキョウダルマガエル,Pelophylax porosus porosus,NT,トウキョウダルマガエル,Rana porosa porosa,NT,トウキョウダルマガエル,Rana porosa porosa,NT,トウキョウダルマガエル,Rana porosa porosa,NT,－,－,－,－,－,－,0,0,1,0,―,0,0,0,1,1,1,1,0,0,0,0,0,0,1,0,0,―,1,0,0,―,0,0,0,1,1,1,0,0,0,0,0,0,0,0,1,1,1,0,0,0,0,0,0,0,0,0,0,0,―,0,0,0,0,―,0,0,0,0,0,0,0,0,0,0,0,―,0,0,0,―,0,0,0,0,0,0,0,0,0,―,0,1,0,1,0,0,0,0,0,0,0,0,0,1,1,0,0,0,0,0,1,0,0,0,0,0,1,0,0,0,0,0,0,0,0,0,0,1,0,0,0,0,0,0,0,0,1,0,0,0,0,0,0,1,水田の中干し,0
AM0072,爬虫類・両生類,準絶滅危惧,NT,無尾目,アカガエル科,アマミアカガエル,Rana kobai,②,アマミアカガエル,Rana kobai,NT,アマミアカガエル,Rana kobai,NT,アマミアカガエル,Rana kobai,NT,アマミアカガエル,Rana kobai,NT,アマミアカガエル,Rana kobai,NT,アマミアカガエル,Rana kobai,NT,－,－,－,－,－,－,－,－,－,0,0,1,0,―,0,1,0,0,0,0,0,0,0,0,1,1,0,0,0,0,―,0,0,0,―,0,0,0,0,0,0,0,0,0,0,0,0,0,0,0,0,0,0,0,0,0,0,0,0,0,0,0,0,―,0,0,0,0,―,0,0,0,0,0,0,0,0,0,0,0,―,0,0,0,―,0,0,0,0,0,0,0,0,0,―,1,1,0,0,0,0,1,0,1,0,0,0,0,0,1,0,0,0,0,0,0,0,1,0,0,0,0,0,0,0,0,0,0,0,0,0,0,0,0,0,0,0,0,0,0,0,0,0,0,0,0,0,0,0,―,0
AM0073,爬虫類・両生類,準絶滅危惧,NT,無尾目,アカガエル科,オキタゴガエル,Rana okiensis,②,オキタゴガエル,Rana tagoi okiensis,NT,オキタゴガエル,Rana tagoi okiensis,NT,オキタゴガエル,Rana tagoi okiensis,NT,オキタゴガエル,Rana tagoi okiensis,NT,オキタゴガエル,Rana tagoi okiensis,NT,オキタゴガエル,Rana tagoi okiensis,NT,－,－,－,－,－,－,－,－,－,0,1,1,0,―,0,1,0,0,0,0,1,0,1,0,1,1,0,0,0,0,―,0,0,0,―,0,0,0,0,0,0,0,0,0,0,0,0,0,0,0,0,0,0,0,0,0,0,0,0,0,0,0,0,―,0,0,0,0,―,0,0,0,0,0,0,0,0,0,0,0,―,0,0,0,―,0,0,0,0,0,0,0,0,0,―,1,1,0,1,0,0,1,0,0,0,1,0,0,0,0,0,0,0,0,0,0,1,1,0,0,0,0,0,0,0,0,0,0,0,0,0,0,0,0,0,0,0,0,0,0,0,0,0,0,0,0,1,0,0,―,0
AM0074,爬虫類・両生類,準絶滅危惧,NT,無尾目,アカガエル科,ツシマアカガエル,Rana tsushimensis,②,ツシマアカガエル,Rana tsushimensis,NT,ツシマアカガエル,Rana tsushimensis,NT,ツシマアカガエル,Rana tsushimensis,NT,ツシマアカガエル,Rana tsushimensis,NT,ツシマアカガエル,Rana tsushimensis,NT,ツシマアカガエル,Rana tsushimensis,NT,ツシマアカガエル,Rana tsushimensis,NT,－,－,－,－,－,－,0,0,1,0,―,0,1,1,1,0,1,1,0,0,0,0,0,0,0,0,0,―,1,0,0,―,0,1,1,1,0,1,0,0,0,0,1,1,0,0,1,1,0,0,0,0,0,0,0,0,0,0,0,0,―,0,0,0,0,―,0,0,0,0,0,0,0,0,0,0,0,―,0,0,0,―,0,0,0,0,0,0,0,0,0,―,0,1,0,1,0,0,1,0,0,0,1,0,0,1,1,0,0,0,0,0,1,1,0,0,1,0,0,0,0,0,0,0,0,0,0,0,0,1,0,0,0,0,0,0,0,0,1,0,0,0,0,0,0,0,―,0
AM0075,爬虫類・両生類,準絶滅危惧,NT,無尾目,アカガエル科,ヤクシマタゴガエル,Rana yakushimensis,②,ヤクシマタゴガエル,Rana tagoi yakushimensis,NT,ヤクシマタゴガエル,Rana tagoi yakushimensis,NT,ヤクシマタゴガエル,Rana tagoi yakushimensis,NT,ヤクシマタゴガエル,Rana tagoi yakushimensis,NT,ヤクシマタゴガエル,Rana tagoi yakushimensis,NT,ヤクシマタゴガエル,Rana tagoi yakushimensis,NT,－,－,－,－,－,－,－,－,－,0,1,1,0,―,0,1,0,0,0,0,1,0,1,0,1,1,1,0,0,0,―,0,0,0,―,0,0,0,0,0,0,0,0,0,0,0,0,0,0,0,0,0,0,0,0,0,0,0,0,0,0,0,0,―,0,0,0,0,―,0,0,0,0,0,0,0,0,0,0,0,―,0,0,0,―,0,0,0,0,0,0,0,0,0,―,1,1,0,1,0,0,1,0,0,0,0,0,0,0,0,0,0,0,0,0,0,0,0,0,0,0,0,0,0,0,0,0,0,0,0,0,1,0,0,0,0,0,1,0,0,0,0,0,0,0,0,1,0,0,―,0
AM0076,爬虫類・両生類,情報不足,DD,有尾目,サンショウウオ科,エゾサンショウウオ,Hynobius retardatus,③,エゾサンショウウオ,Hynobius retardatus,DD,エゾサンショウウオ,Hynobius retardatus,DD,エゾサンショウウオ,Hynobius retardatus,DD,エゾサンショウウオ,Hynobius retardatus,DD,エゾサンショウウオ,Hynobius retardatus,DD,エゾサンショウウオ,Hynobius retardatus,DD,エゾサンショウウオ,Hynobius retardatus,DD,－,－,－,－,－,－,0,1,1,0,―,0,1,1,0,0,0,1,0,0,0,0,0,0,1,0,0,―,1,0,0,―,0,1,0,0,0,1,0,0,0,0,1,0,0,0,0,0,1,0,0,0,0,0,0,0,0,0,0,0,―,0,0,0,0,―,0,0,0,0,0,0,0,0,0,0,0,―,0,0,0,―,0,0,0,0,0,0,0,0,0,―,1,1,0,1,0,0,0,0,1,1,1,0,0,1,1,0,0,0,0,0,1,1,1,1,0,0,0,0,0,1,0,0,0,0,0,1,0,0,0,0,0,0,0,0,0,0,0,0,0,0,0,0,0,0,―,0
AM0077,爬虫類・両生類,情報不足,DD,無尾目,アカガエル科,ヒメタゴガエル,Rana kyoto,①④,－,－,－,－,－,－,－,－,－,－,－,－,－,－,－,－,－,－,－,－,－,－,－,－,－,－,－,0,1,1,0,―,0,1,0,0,0,0,1,0,1,0,1,0,0,0,0,0,―,0,0,0,―,0,0,0,0,0,0,0,0,0,0,0,0,0,0,0,0,0,0,0,0,0,0,0,0,0,0,0,0,―,0,0,0,0,―,0,0,0,0,0,0,0,0,0,0,0,―,0,0,0,―,0,0,0,0,0,0,0,0,0,―,1,1,0,1,0,0,0,0,0,0,1,0,0,0,0,0,0,0,0,0,0,1,1,0,0,0,0,0,0,0,0,0,0,0,0,0,0,0,0,0,0,0,1,0,0,0,0,1,0,0,0,0,0,0,―,0
